arm,dedup_id,decision,rationale,auto_verdict,auto_reason,title,year,venue
update-2026,REC-017,READMIT,"Core task IS vessel main-engine power prediction with knowledge-guided ML; ""weather routing"" only application context",EXCLUDE,E1:weather routing,Scientific Knowledge-Guided Machine Learning for Vessel Power Prediction: A Comparative Study,2026,Open MIND
original,REC-353,READMIT,"Multitask deep learning predicting ship fuel oil consumption; ""voyage optimization"" is motivation only",EXCLUDE,E1:voyage optimization,A Multitask Learning Framework for Predicting Ship Fuel Oil Consumption,2023,IEEE Access
original,REC-228,READMIT,Transfer learning on physics-based models for vessel shaft power prediction,EXCLUDE,E1:weather routing,Application of transfer learning on physics-based models to enhance vessel shaft power predictions,2025,Ocean Engineering
update-2026,REC-106,READMIT,Transfer learning for vessel shaft power prediction (physics+data hybrid); routing mentioned as application only,EXCLUDE,E1:weather routing,Enhancing transfer learning in vessel shaft power prediction: Addressing catastrophic forgetting and feature integration,2026,Applied Ocean Research
original,REC-294,READMIT,"Interpretable data-driven models predicting shaft power, fuel consumption and speed incl. fouling/weather",EXCLUDE,E1:route optimization,"Interpretable, data-driven models for predicting shaft power, fuel consumption, and speed considering the effects of hull fouling and weather conditions",2024,International Journal of Naval Architecture and Ocean Engineering
update-2026,REC-026,KEEP,"SSRN preprint (DOI 10.2139/ssrn.*) — gray literature, E4; re-admission reverted",EXCLUDE,E1:weather routing,A Data-Driven Framework for Modeling and Multi-Objective Optimization of Ship Operational Measures for Improved Carbon Intensity Indicator (CII) Performance,2026,SSRN Electronic Journal
update-2026,REC-041,KEEP,"Target is battery remaining-useful-life, not vessel performance (I1 fail)",EXCLUDE,E5:lithium-ion,Battery remaining useful life estimation process design in hybrid ships: a case of data-driven algorithms,2026,Brodogradnja
update-2026,REC-063,KEEP,"Before/after maintenance assessment, no supervised prediction model (I2/I3 fail)",EXCLUDE,E3:no-ML-method,Reducing Ship Emissions Through Specialized Maintenance: A Case Study Based on Real Data,2026,Journal of Marine Science and Engineering
original,REC-066,READMIT,Comparative ML forecasting of energy consumption for electric-propulsion vessels (equivalent performance parameter),EXCLUDE,E1:route optimization,A Comparative Study on Energy Consumption Forecast Methods for Electric Propulsion Ship,2021,Journal of Marine Science and Engineering
original,REC-155,READMIT,"Neural network predicting ship speed and fuel consumption (simulation-generated training data, as elsewhere in corpus)",EXCLUDE,E1:weather routing,Neural Network Approach for Predicting Ship Speed and Fuel Consumption,2021,Journal of Marine Science and Engineering
update-2026,REC-336,KEEP,"Battery charging strategy optimisation, no performance prediction (I1 fail)",EXCLUDE,E5:state of charge,Battery charging optimization for hybrid cruise ships,2026,Doria (University of Helsinki)
original,REC-059,KEEP,"IoT monitoring prototype, no prediction model or metric (I2/I3 fail)",EXCLUDE,E3:no-ML-method,Development of an IoT-Based Ship Engine Performance Monitoring System to Enhance Operational Efficiency,2025,Formosa Journal of Computer and Information Science
original,REC-133,KEEP,"Techno-economic uncertainty study, no ML (E2)",EXCLUDE,E3:no-ML-method,Effect of uncertainty on techno-economic trade-off studies: ship power and propulsion concepts,2018,Journal of Marine Engineering & Technology
original,REC-584,KEEP,"Thesis (gray literature, E4)",EXCLUDE,E3:no-ML-method,Environmental Adaptive Modeling For Sustainable Cruise Ship Propulsion Plants,2020,Research Repository (Delft University of Technology)
update-2026,REC-049,KEEP,Unsupervised operational-state clustering; no performance prediction target (I1 fail),EXCLUDE,E3:no-ML-method,Data-driven segmentation of ship operational conditions using multivariate time-series clustering,2026,Ships and Offshore Structures
update-2026,REC-177,KEEP,"Hydrodynamic fouling analysis, no data-driven component (E2)",EXCLUDE,E3:no-ML-method,Speed Dependence of Hull Fouling on Ship Performance,2026,Journal of Marine Science and Engineering
update-2026,REC-196,KEEP,"Core is Q-learning speed optimisation, no predictive-accuracy evaluation (I3 fail)",EXCLUDE,E3:no-ML-method,Q-Learning-Based Sailing Speed Optimization for Ocean-Going Liners Under the EU ETS: Considering Shipper Satisfaction,2026,Journal of Marine Science and Engineering
update-2026,REC-216,KEEP,"ECDIS interface study, out of scope (E1)",EXCLUDE,E3:no-ML-method,Optimizing ECDIS as an Information Resource for Ocean Navigation,2026,Information Resources Management Journal
original,REC-108,KEEP,Aircraft propulsion (E5 non-maritime),EXCLUDE,E5:aircraft,Optimization and Experimental Validation of Energy Management and Control for a Distributed Hybrid Electric Propulsion Aircraft,2025,IEEE Journal of Emerging and Selected Topics in Power Electronics
original,REC-226,KEEP,"Ethnographic/analytics discussion, no predictive model with metrics (I3 fail)",EXCLUDE,E3:no-ML-method,From Ethnographic Research to Big Data Analytics—A Case of Maritime Energy-Efficiency Optimization,2020,Applied Sciences
original,REC-272,KEEP,Non-English (Croatian) overview article (E4/E6),EXCLUDE,E3:no-ML-method,Veliki skupovi podataka u pomorskoj industriji,2018,Naše more
update-2026,REC-302,KEEP,no inclusion signals on review,EXCLUDE,E1:non-maritime,Traffic Congestion Prediction using Deep Learning Models: A Comparative Study,2026,2026 7th International Conference on Inventive Research in Computing Applications (ICIRCA)
original,REC-123,KEEP,no inclusion signals on review,EXCLUDE,E1:non-performance-topic,Enhancing road crash prediction: A comparative study of Machine Learning algorithms and Safety Performance Functions on the Lagos-Ibadan Expressway,2025,Nigerian Journal of Technology
update-2026,REC-060,KEEP,no inclusion signals on review,EXCLUDE,E1:non-maritime,Leveraging Advanced Machine Learning Algorithms for Energy Efficiency and Carbon Footprint Reduction in Diesel Engines,2026,International Journal of Automotive Science And Technology
update-2026,REC-134,KEEP,no inclusion signals on review,EXCLUDE,E1:port scheduling,High-Accuracy ETA Prediction for Long-Distance Tramp Shipping: A Stacked Ensemble Approach,2026,Journal of Marine Science and Engineering
update-2026,REC-266,KEEP,no inclusion signals on review,EXCLUDE,E1:non-performance-topic,When AI Meets Cache: Intelligent Memory Hierarchy Management in Modern CPUs,2026,Jisuanji shenghuojia.
original,REC-029,KEEP,no inclusion signals on review,EXCLUDE,E1:voyage optimization,Development of a Reinforcement Learning-Based Ship Voyage Planning Optimization Method Applying Machine Learning-Based Berth Dwell-Time Prediction as a Time Constraint,2025,Journal of Marine Science and Engineering
original,REC-109,KEEP,no inclusion signals on review,EXCLUDE,E1:non-maritime,Anomaly Detection in Power Generation Plants Using Machine Learning and Neural Networks,2019,Applied Artificial Intelligence
original,REC-124,KEEP,no inclusion signals on review,EXCLUDE,E1:non-performance-topic,Attention-Aware Graph Neural Network Modeling for AIS Reception Area Prediction,2025,Italian National Conference on Sensors
update-2026,REC-095,KEEP,no inclusion signals on review,EXCLUDE,E1:non-maritime,Fatigue Life Prediction of Steels in Hydrogen Environments Using Physics-Informed Learning,2026,Applied Sciences
update-2026,REC-120,KEEP,no inclusion signals on review,EXCLUDE,E1:non-maritime,Correction of the interior ballistic model for the two-stage light gas gun based on machine learning,2026,Theoretical and Applied Mechanics Letters
update-2026,REC-306,KEEP,no inclusion signals on review,EXCLUDE,E5:medical,Abstract DP130: Individualized Treatment in Distal and Medium Vessel Occlusion Stroke Using a Validated Counterfactual Simulation Model: Beyond One Size Fits All,2026,Stroke
update-2026,REC-313,KEEP,no inclusion signals on review,EXCLUDE,E1:non-performance-topic,Gas Turbine Exhaust Gas Temperature Prediction Under Variable Operating Loads and IGV Positions Using Tree-Based Ensemble Learning,2026,Machines
update-2026,REC-320,KEEP,no inclusion signals on review,EXCLUDE,E1:route optimization,Development and simulation of an innovative autonomous knowledge-based smart waste collection system,2026,Scientific Reports
original,REC-094,KEEP,no inclusion signals on review,EXCLUDE,E1:route optimization,Big Data Analytics and AI for Optimizing Supply Chain Sustainability and Reducing Greenhouse Gas Emissions in Logistics and Transportation,2024,International Journal of Multidisciplinary Research and Growth Evaluation
original,REC-114,KEEP,no inclusion signals on review,EXCLUDE,E5:medical,Machine learning-driven prediction of medical expenses in triple-vessel PCI patients using feature selection,2025,BMC Health Services Research
original,REC-161,KEEP,"Model tests vs CFD comparison, no ML (E2)",EXCLUDE,E3:no-ML-method,A Look at the Full Picture of Speed-Power Predictions from Model Tests and CFD Simulations,2023,"Day 2 Wed, September 13, 2023"
original,REC-344,KEEP,no inclusion signals on review,EXCLUDE,E1:non-maritime,A Review of the Data-Driven Prediction Method of Vehicle Fuel Consumption,2023,Energies
original,REC-537,KEEP,no inclusion signals on review,EXCLUDE,E1:non-performance-topic,Ship Intrusion Detection Technology Based on Bayesian Optimization Algorithm and XGBoost,2023,2023 3rd International Conference on Electrical Engineering and Control Science (IC2ECS)
update-2026,REC-021,KEEP,no inclusion signals on review,EXCLUDE,E1:non-maritime,A comprehensive framework for data challenges and intelligent resource optimization for offshore wind energy,2026,Sustainable Energy Technologies and Assessments
update-2026,REC-121,KEEP,no inclusion signals on review,EXCLUDE,E3:no-ML-method,Quantitative Regime Comparison and Engine Performance Assessment: Regime-Dependent Baselining and Comparison for In-Service Propulsion Evaluation,2026,Journal of Marine Science and Engineering
update-2026,REC-251,KEEP,no inclusion signals on review,EXCLUDE,E1:non-performance-topic,Feature Transformer and LightGBM Ensemble for Ship Trajectory Recognition Using Real AIS Data,2026,Preprints.org
update-2026,REC-301,KEEP,no inclusion signals on review,EXCLUDE,E1:non-performance-topic,Enhancing naval hull stress monitoring with neural network-based data imputation,2026,"Proceedings of the Institution of Mechanical Engineers, Part M: Journal of Engineering for the Maritime Environment"
update-2026,REC-304,KEEP,no inclusion signals on review,EXCLUDE,E1:non-performance-topic,Ship Equipment Order Target Price Prediction: An Interpretable Model Based on Boruta–Lasso and CatBoost-SHAP,2026,Journal of Marine Science and Engineering
original,REC-013,KEEP,no inclusion signals on review,EXCLUDE,E1:non-performance-topic,Forecasting of the tractors fuel consumption with machine learning methods based on remote monitoring data,2025,Zbornik radova
update-2026,REC-061,KEEP,no inclusion signals on review,EXCLUDE,E5:photovoltaic,"Coordinated Scheduling of Carbon Capture, Renewables, and Storage in Bulk Carriers: A Dual-Timescale LSTM-Powered Multi-Objective Energy Management System Strategy",2026,Energies
update-2026,REC-099,KEEP,no inclusion signals on review,EXCLUDE,E1:non-maritime,Roadmap: Integrating artificial intelligence in structural health monitoring systems,2026,Measurement Science and Technology
update-2026,REC-129,KEEP,no inclusion signals on review,EXCLUDE,E5:wind farm,Multi-Source Data-Driven CNN–Transformer Hybrid Modeling for Wind Energy Database Reconstruction in the Tropical Indian Ocean,2026,Remote Sensing
update-2026,REC-133,KEEP,no inclusion signals on review,EXCLUDE,E1:non-maritime,Towards Cleaner Energy: An Innovative Deep Learning Model for Nitrogen Oxide Emission Prediction in Power Plants,2026,Engineered Science
update-2026,REC-160,KEEP,no inclusion signals on review,EXCLUDE,E1:non-maritime,Roadmap: Integrating Artificial Intelligence in Structural Health Monitoring Systems,2026,Scholar Commons (University of South Carolina)
update-2026,REC-223,KEEP,no inclusion signals on review,EXCLUDE,E1:non-maritime,A Comparative Study of Univariate Models for Baltic Dry Index Forecasting,2026,Forecasting
update-2026,REC-248,KEEP,no inclusion signals on review,EXCLUDE,E1:non-performance-topic,Spatio-temporal prediction of vessel traffic flow based on GL-STFormer,2026,Brodogradnja
update-2026,REC-269,KEEP,no inclusion signals on review,EXCLUDE,E1:non-performance-topic,Research on Hybrid Deep Learning Prediction Method for Midship Vertical Bending Moments,2026,Ocean
update-2026,REC-277,KEEP,no inclusion signals on review,EXCLUDE,E1:non-maritime,"A Survey of Six Classical Classifiers, Including Algorithms, Methodological Characteristics, Foundational Variants, and Recent Advances",2026,Algorithms
original,REC-145,KEEP,no inclusion signals on review,EXCLUDE,E1:structural integrity,Adapting Semi-Empirical Ship Vibration Analysis: A Hybrid ML Approach to Generalized Vibration Prediction,2025,International Journal of Maritime Technology
original,REC-312,KEEP,no inclusion signals on review,EXCLUDE,E1:non-maritime,A Novel Deep Learning Method for Intelligent Fault Diagnosis of Rotating Machinery Based on Improved CNN-SVM and Multichannel Data Fusion,2019,Sensors
original,REC-356,KEEP,no inclusion signals on review,EXCLUDE,E3:no-ML-method,A Novel Big Data Collection System for Ship Energy Efficiency Monitoring and Analysis Based on BeiDou System,2021,Journal of Advanced Transportation
original,REC-358,KEEP,no inclusion signals on review,EXCLUDE,E1:non-maritime,Trip Based Modeling of Fuel Consumption in Modern Heavy-Duty Vehicles Using Artificial Intelligence,2021,Energies
update-2026,REC-011,READMIT,"Physics-informed LSTM predicting marine gas-turbine output power; ""microgrid"" is context, not topic",EXCLUDE,E5:microgrid,Power Prediction for Marine Gas Turbine Plants Using a Condition-Adaptive Physics-Informed LSTM Model,2026,Journal of Marine Science and Engineering
update-2026,REC-019,KEEP,no inclusion signals on review,EXCLUDE,E1:non-maritime,Surrogate Modeling of a SOFC/GT Hybrid System Based on Extended State Observer Feature Extraction,2026,Energies
update-2026,REC-075,KEEP,no inclusion signals on review,EXCLUDE,E1:route optimization,The Practice and Challenges of Digital Technology in Ship Energy Efficiency Management,2026,Frontiers in Sustainable Development
update-2026,REC-078,KEEP,no inclusion signals on review,EXCLUDE,E1:non-maritime,Robust Fault Diagnosis of Hydraulic Pumps Under Variable Load: A Machine Learning Approach with Signal Conditioning,2026,Applied Sciences
update-2026,REC-094,KEEP,no inclusion signals on review,EXCLUDE,E1:non-performance-topic,Work-Life Conditions as the Primary Determinant of Seafarer Mental Health: An Explainable Machine Learning Analysis,2026,INQUIRY The Journal of Health Care Organization Provision and Financing
update-2026,REC-096,KEEP,no inclusion signals on review,EXCLUDE,E1:non-maritime,Physics-encoded machine learning for performance and emission prediction of nickel ferrite nanocatalyst and hydrogen-enriched biodiesel in diesel engines,2026,RSC Advances
update-2026,REC-097,KEEP,no inclusion signals on review,EXCLUDE,E1:non-maritime,A Review of Fault Diagnosis Methods: From Traditional Machine Learning to Large Language Model Fusion Paradigm,2026,Sensors
update-2026,REC-102,KEEP,no inclusion signals on review,EXCLUDE,E1:non-maritime,Simulation of Diesel Engine Properties Using Different Mixtures of Fuels by Means of a Feed-Forward Neural Network: 1. Validation and Prediction of Energetical Parameters,2026,Energies
update-2026,REC-104,KEEP,no inclusion signals on review,EXCLUDE,E1:berthing,A Spatiotemporal Feature-Driven Deep Learning Framework for Fine-Grained Tugboat Operation Recognition,2026,Systems
update-2026,REC-112,KEEP,no inclusion signals on review,EXCLUDE,E1:structural integrity,A Machine Learning Framework for the Prediction of Propeller Blade Natural Frequencies,2026,Machines
update-2026,REC-123,KEEP,no inclusion signals on review,EXCLUDE,E5:wind farm,Short-to-Medium Term Ocean Wind Speed Prediction via Sparse Grid Dynamic Spatial Modeling and DAI-LSTM-AT Hybrid Framework,2026,Remote Sensing
update-2026,REC-142,KEEP,no inclusion signals on review,EXCLUDE,E1:non-maritime,A Hybrid Physics-Informed ML Framework for Emission and Energy Flow Prediction in a Retrofitted Heavy-Duty Vehicle,2026,Algorithms
update-2026,REC-146,KEEP,no inclusion signals on review,EXCLUDE,E1:non-maritime,Fused Geophysical–Contrastive Learning Model for CYGNSS-Based Sea Surface Wind Speed Retrieval in Typhoon Regions,2026,Journal of Marine Science and Engineering
update-2026,REC-147,KEEP,no inclusion signals on review,EXCLUDE,E1:non-maritime,Bayesian Hyperparameter Optimization of GRU and LSTM Models for Short-Term Traffic Flow Prediction: A Case Study of Globe Roundabout in Saudi Arabia,2026,Applied System Innovation
update-2026,REC-159,KEEP,no inclusion signals on review,EXCLUDE,E1:non-maritime,Attention-based neural network fusion for fouling prediction in Ethylene-Vinyl Acetate heat exchangers,2026,Process Safety and Environmental Protection
update-2026,REC-182,KEEP,no inclusion signals on review,EXCLUDE,E1:non-maritime,A physics-informed data-driven surrogate model for efficient fatigue damage prediction of offshore structures,2026,Journal of Physics Conference Series
update-2026,REC-188,KEEP,no inclusion signals on review,EXCLUDE,E1:non-maritime,Optimization of a common rail direct injection engine fuelled with gossypium seed biodiesel–tert‐butyl alcohol blends using Taguchi–Grey relational analysis and <scp>ANN</scp>,2026,Environmental Progress & Sustainable Energy
update-2026,REC-190,KEEP,no inclusion signals on review,EXCLUDE,E1:non-performance-topic,A Multi-Attention Gated Fusion and Physics-Informed Model for Steam Turbine Regulating-Stage Fault Detection,2026,Energies
update-2026,REC-212,KEEP,no inclusion signals on review,EXCLUDE,E1:non-performance-topic,Health-Aware Differentiated Energy Management for Multi-Stack Fuel Cell Hybrid Power Systems on Ships,2026,Journal of Marine Science and Engineering
update-2026,REC-215,KEEP,no inclusion signals on review,EXCLUDE,E1:non-maritime,Rowing load and performance modeling by integrating random forest algorithm,2026,Discover Computing
update-2026,REC-270,KEEP,no inclusion signals on review,EXCLUDE,E1:non-maritime,Data-Driven Operational Assessment Method and Digital Twin System for Unmanned Surface Vehicles,2026,ICCK Transactions on Machine Intelligence
update-2026,REC-273,KEEP,no inclusion signals on review,EXCLUDE,E1:non-performance-topic,Multidata Causal Discovery for Statistical Hurricane Intensity Forecasting,2026,Weather and Forecasting
update-2026,REC-303,KEEP,no inclusion signals on review,EXCLUDE,E1:port scheduling,Prediction of Ship Estimated Time of Arrival Based on BO-CNN-LSTM Model,2026,Journal of Marine Science and Engineering
update-2026,REC-344,KEEP,no inclusion signals on review,EXCLUDE,E1:non-performance-topic,ShipNet: A Geometric Deep Learning Surrogate for Real-Time Ship Hydrodynamics,2026,arXiv (Cornell University)
update-2026,REC-346,KEEP,no inclusion signals on review,EXCLUDE,E1:non-maritime,Supervised machine learning of compressible flow past a rotating cylinder,2026,arXiv (Cornell University)
original,REC-068,KEEP,no inclusion signals on review,EXCLUDE,E1:non-maritime,Predicting Rig Engine Utilization Using Machine Learning to Drive Fleet-Wide Emissions Reductions Initiatives,2023,"Day 3 Wed, October 18, 2023"
original,REC-078,KEEP,no inclusion signals on review,EXCLUDE,E5:patient,"Leveraging Data to Improve Operational Efficiency: Case Studies in Healthcare, Transportation, and Logistics",2025,Journal of Quantum Science and Technology
original,REC-100,KEEP,no inclusion signals on review,EXCLUDE,E3:no-ML-method,Marine Engine-Centered Data Analytics for Ship Performance Monitoring,2017,
original,REC-103,KEEP,no inclusion signals on review,EXCLUDE,E3:no-ML-method,Improving Voyage Efficiency in the Shipping 4.0 Decarbonization Era,2023,International Symposium on Service Oriented Software Engineering
original,REC-118,KEEP,no inclusion signals on review,EXCLUDE,E1:non-performance-topic,Maritime-Accident-Induced Environmental Pollution and Economic Loss Analysis Using an Interpretable Data-Driven Method,2025,Sustainability
original,REC-159,KEEP,no inclusion signals on review,EXCLUDE,E3:no-ML-method,Added Resistance and Speed Loss of a Ship Found Using Onboard Monitoring Data,2020,Journal of Ship Research
original,REC-258,KEEP,no inclusion signals on review,EXCLUDE,E1:non-performance-topic,Harnessing the power of Machine learning for AIS Data-Driven maritime Research: A comprehensive review,2024,Transportation Research Part E Logistics and Transportation Review
original,REC-326,KEEP,no inclusion signals on review,EXCLUDE,E1:non-maritime,A hybrid forecasting framework based on support vector regression with a modified genetic algorithm and a random forest for traffic flow prediction,2018,Tsinghua Science & Technology
original,REC-349,KEEP,no inclusion signals on review,EXCLUDE,E1:non-maritime,Road2Vec: Measuring Traffic Interactions in Urban Road System from Massive Travel Routes,2017,ISPRS International Journal of Geo-Information
original,REC-404,KEEP,no inclusion signals on review,EXCLUDE,E1:motion prediction,Deep Autoregressive Roll Motion Prediction of Marine Vessels,2024,IEEE Transactions on Industrial Electronics
original,REC-472,KEEP,no inclusion signals on review,EXCLUDE,E1:trajectory prediction,Ship Anomalous Behavior Detection Using Clustering and Deep Recurrent Neural Network,2023,Journal of Marine Science and Engineering
original,REC-548,KEEP,no inclusion signals on review,EXCLUDE,E1:non-performance-topic,Research of Ship Trajectory and Navigation Behavior Characteristics Based on CALS Algorithm,2024,"2024 International Seminar on Artificial Intelligence, Computer Technology and Control Engineering (ACTCE)"
update-2026,REC-028,KEEP,no inclusion signals on review,EXCLUDE,E1:non-performance-topic,Global shipping emissions prediction in the era of large language models: a review,2026,Frontiers in Marine Science
update-2026,REC-043,KEEP,no inclusion signals on review,EXCLUDE,E1:non-performance-topic,Data-driven decarbonization in the maritime industry: An integrative analytical review,2026,Communications in Transportation Research
update-2026,REC-055,KEEP,no inclusion signals on review,EXCLUDE,E3:no-ML-method,Quantitative Assessment of Consistency Between IMO DCS and EU MRV Systems Using Large-Scale Operational Data,2026,Preprints.org
update-2026,REC-056,KEEP,no inclusion signals on review,EXCLUDE,E3:no-ML-method,Quantitative Assessment of Consistency Between IMO DCS and EU MRV Frameworks Using Large-Scale Operational Data,2026,Applied Sciences
update-2026,REC-059,KEEP,no inclusion signals on review,EXCLUDE,E1:non-maritime,Digital Twin-Enabled Thermal Energy Management System for Sustainable Manufacturing Process Optimization,2026,International Journal of Industrial Engineering and Management
update-2026,REC-082,KEEP,no inclusion signals on review,EXCLUDE,E5:battery degradation,Energy Management Strategies and Capacity Sizing for Hybrid Ship Systems,2026,Energies
update-2026,REC-130,KEEP,no inclusion signals on review,EXCLUDE,E1:non-performance-topic,AI-Driven Energy Management for Sustainable Transformation of Recreational Boats: A Simulation Study for the Croatian Adriatic Coast,2026,Applied Sciences
update-2026,REC-153,KEEP,no inclusion signals on review,EXCLUDE,E1:non-performance-topic,Integrating Artificial Intelligence into Naval Capability Development,2026,TransNav the International Journal on Marine Navigation and Safety of Sea Transportation
update-2026,REC-158,KEEP,no inclusion signals on review,EXCLUDE,E1:non-maritime,Remote Sensing-Based Mapping of Forest Above-Ground Biomass and Its Relationship with Bioclimatic Factors in the Atacora Mountain Chain (Togo) Using Google Earth Engine,2026,Geomatics
update-2026,REC-162,KEEP,no inclusion signals on review,EXCLUDE,E1:non-performance-topic,Physics-Informed Multi-Task Learning for Battery State of Health Prediction with Uncertainty Quantification,2026,Proceedings of the AAAI Conference on Artificial Intelligence
update-2026,REC-176,KEEP,"Simulator/hydrodynamic software comparison, no ML (E2)",EXCLUDE,E3:no-ML-method,Propagation of weather forecast uncertainties through attainable ship speed prediction models,2026,Engineering power
update-2026,REC-198,KEEP,no inclusion signals on review,EXCLUDE,E1:non-maritime,"Environment-specific, data-driven radiation source detection, localization and tracking via a sensor network and ensembles of randomized decision trees",2026,Research Square
update-2026,REC-199,KEEP,no inclusion signals on review,EXCLUDE,E3:no-ML-method,Fuel-Saving Control Strategy for Tugboats Based on Multi-Objective Optimization,2026,Applied Sciences
update-2026,REC-220,KEEP,no inclusion signals on review,EXCLUDE,E1:non-performance-topic,Health status monitoring of ship rotating machinery based on sliding window and long-short term generative adversarial network,2026,Frontiers in Mechanical Engineering
update-2026,REC-228,KEEP,no inclusion signals on review,EXCLUDE,E1:non-maritime,"Forecasting Educational Inequality in China for Sustainable Development: A Hybrid Framework of GM(1,1) and CS-SVR",2026,Sustainability
update-2026,REC-230,KEEP,no inclusion signals on review,EXCLUDE,E1:trajectory prediction,Distributed Interactive Simulation Dead Reckoning Based on PLO–Transformer–LSTM,2026,Electronics
update-2026,REC-233,KEEP,no inclusion signals on review,EXCLUDE,E1:non-performance-topic,Deep Learning-Based Bias Correction Model for Spatiotemporal Significant Wave Height Prediction Using Multi-Channel VMRNN,2026,Oceans
update-2026,REC-239,KEEP,no inclusion signals on review,EXCLUDE,E1:non-performance-topic,A Hybrid DMD–TCN Framework for Interpretable Short-Horizon Prediction of 6-DOF Ship Motions,2026,International Journal of Advanced Computer Science and Applications
update-2026,REC-265,KEEP,no inclusion signals on review,EXCLUDE,E1:non-maritime,Research on Trajectory Tracking Control of USV Based on Disturbance Observation Compensation,2026,Journal of Marine Science and Engineering
update-2026,REC-299,KEEP,no inclusion signals on review,EXCLUDE,E1:non-performance-topic,An Enhanced Digital Twin-Driven Fault Diagnosis Approach Based on Deep Multimodal Information Fusion for Marine Machinery,2026,IEEE Sensors Journal
update-2026,REC-300,KEEP,no inclusion signals on review,EXCLUDE,E1:non-performance-topic,Qualitative&Quantitative Meta Graph Transformer for Marine Diesel Engine Health Monitoring,2026,2026 IEEE International Conference on Prognostics and Health Management (ICPHM)
update-2026,REC-321,KEEP,no inclusion signals on review,EXCLUDE,E1:non-maritime,Information system for monitoring data from heat energy meters based on the internet of things technology,2026,Technical sciences and technologies
update-2026,REC-337,KEEP,no inclusion signals on review,EXCLUDE,E1:non-maritime,Mapping forest felling activities in Latvia from Sentinel-2 satellite imagery using machine learning,2026,Lund University Publications Student Papers (Lund University)
update-2026,REC-340,KEEP,no inclusion signals on review,EXCLUDE,E1:non-maritime,Maidenvälisen siirto-oppimisen hyödyntäminen ESG-luokituksien ennustamisessa,2026,LUTPub (LUT University)
update-2026,REC-342,KEEP,"Core is RL routing policy, not performance prediction (E1 routing)",EXCLUDE,E5:aircraft,Physics-informed offline reinforcement learning eliminates catastrophic fuel waste in maritime routing,2026,arXiv (Cornell University)
update-2026,REC-345,KEEP,no inclusion signals on review,EXCLUDE,E1:non-maritime,Experimental Data-Driven System Identification of Scale-Model Airboat Dynamics for Control and Autonomy Applications,2026,ScholarWorks @ The University of New Orleans (The University of New Orleans)
update-2026,REC-347,KEEP,no inclusion signals on review,EXCLUDE,E1:non-performance-topic,On Using Machine Learning to Early Detect Catastrophic Failures in Marine Diesel Engines,2026,arXiv (Cornell University)
original,REC-061,KEEP,no inclusion signals on review,EXCLUDE,E1:non-performance-topic,Estimating the Reliability and Predicting Damage to Ship Engine Fuel Systems Using Statistics and Artificial Intelligence,2025,Applied Sciences
original,REC-083,KEEP,no inclusion signals on review,EXCLUDE,E5:urban traffic,AI for Traffic Prediction and Management,2024,"REST Journal on Banking, Accounting and Business"
original,REC-086,KEEP,no inclusion signals on review,EXCLUDE,E1:route optimization,Integrated Ship Energy Flowchart: A digital twin to mitigate GHG emissions,2023,"Day 1 Tue, March 07, 2023"
original,REC-101,READMIT,"ML approaches for ship speed prediction; rule missed because abstract lacks the exact phrase ""speed prediction""",EXCLUDE,E1:non-performance-topic,Machine Learning Approaches for Ship Speed Prediction towards Energy Efficient Shipping,2020,Applied Sciences
original,REC-113,KEEP,no inclusion signals on review,EXCLUDE,E1:non-maritime,Data-Driven Air-Cooled Condenser Performance Assessment: Model and Input Variable Selection Comparison,2020,E3S Web of Conferences
original,REC-117,KEEP,no inclusion signals on review,EXCLUDE,E1:non-maritime,Relief-Based Feature Selection for ANN-Driven Air Pollution Prediction and School Safety Policy in India,2025,"Water, Air and Soil Pollution"
original,REC-142,KEEP,no inclusion signals on review,EXCLUDE,E3:no-ML-method,FEATURES OF POWER DETERMINATION OF AUXILIARY-EMERGENCY DRIVE MOTION OF A SHIP WITH A COMBINED DIESEL-ELECTRIC POWER PLANT,2020,Electromechanical and energy saving systems
original,REC-144,KEEP,no inclusion signals on review,EXCLUDE,E3:no-ML-method,IMPROVED ALGORITHM FOR SUPERVISORY CONTROL AND DATA ACQUISITION OF COMBINED VESSEL’S ENERGY SYSTEM,2020,Herald of Advanced Information Technology
original,REC-196,KEEP,no inclusion signals on review,EXCLUDE,E1:non-performance-topic,Intent prediction of vessels in intersection waterway based on learning vessel motion patterns with early observations,2021,Ocean Engineering
original,REC-243,KEEP,no inclusion signals on review,EXCLUDE,E1:non-maritime,"The Role of AI, Machine Learning, and Big Data in Digital Twinning: A Systematic Literature Review, Challenges, and Opportunities",2021,IEEE Access
original,REC-269,KEEP,no inclusion signals on review,EXCLUDE,E1:non-performance-topic,Explainable Anomaly Detection Framework for Maritime Main Engine Sensor Data,2021,Sensors
original,REC-280,KEEP,no inclusion signals on review,EXCLUDE,E1:non-maritime,A Data-Driven-Based Fault Diagnosis Approach for Electrical Power DC-DC Inverter by Using Modified Convolutional Neural Network With Global Average Pooling and 2-D Feature Image,2020,IEEE Access
original,REC-354,READMIT,Combined physical + ML diesel engine performance prediction (condition-monitoring sub-cluster in scope),EXCLUDE,E3:no-ML-method,Ship diesel engine performance modelling with combined physical and machine learning approach,2018,Proceedings of the International Ship Control Systems Symposium (iSCSS)
original,REC-368,KEEP,no inclusion signals on review,EXCLUDE,E1:non-maritime,Scientific Machine Learning Through Physics–Informed Neural Networks: Where we are and What’s Next,2022,Journal of Scientific Computing
original,REC-392,KEEP,"Speed-power performance model, no ML signal in abstract (E2)",EXCLUDE,E3:no-ML-method,Development of a ship performance model for power estimation of inland waterway vessels,2023,Ocean Engineering
original,REC-418,KEEP,no inclusion signals on review,EXCLUDE,E3:no-ML-method,A Practical Identification Method for Data Variation of Noon Reports in Vessel Operation,2022,
original,REC-429,KEEP,no inclusion signals on review,EXCLUDE,E1:collision avoidance,Online Prediction of Ship Behavior with Automatic Identification System Sensor Data Using Bidirectional Long Short-Term Memory Recurrent Neural Network,2018,Sensors
original,REC-512,KEEP,no inclusion signals on review,EXCLUDE,E5:state of charge,Physics-Informed Data-Driven Approaches to State of Health Prediction of Maritime Battery Systems,2024,Proceedings of the Annual Conference of the Prognostics and Health Management Society Phm
original,REC-550,KEEP,no inclusion signals on review,EXCLUDE,E1:non-performance-topic,Intelligent prediction for ship motion based on decomposition strategy,2015,2015 IEEE International Conference on Mechatronics and Automation (ICMA)
original,REC-556,KEEP,no inclusion signals on review,EXCLUDE,E1:non-performance-topic,Adaptive Optimization Strategy of Ship Intelligent Navigation Decision System Enabled by Reinforcement Learning Algorithm,2025,2025 3rd International Conference on Data Science and Information System (ICDSIS)
update-2026,REC-022,KEEP,no inclusion signals on review,EXCLUDE,E3:no-ML-method,"Energy-Efficient Cooling System Control in Ship Engine Rooms Using an Intelligent Integrated Automation, Control, and Monitoring System (IACMS)",2026,Energies
update-2026,REC-024,KEEP,no inclusion signals on review,EXCLUDE,E1:non-performance-topic,A Multi-Strategy Enhanced Harris Hawks Optimization Algorithm for KASDAE in Ship Maintenance Data Quality Enhancement,2026,Symmetry
update-2026,REC-044,KEEP,no inclusion signals on review,EXCLUDE,E1:non-performance-topic,Applications of Artificial Intelligence in Fisheries: From Data to Decisions,2026,Big Data and Cognitive Computing
update-2026,REC-052,KEEP,"Semi-empirical (Kwon) formulas, no ML/learning component (E2)",EXCLUDE,E3:no-ML-method,A semi-empirical operational performance prediction for anchor handling tug supply (AHTS) vessel,2026,BIO Web of Conferences
update-2026,REC-053,KEEP,"Duplicate of REC-052; semi-empirical, no ML (E2)",EXCLUDE,E3:no-ML-method,A semi-empirical operational performance prediction for anchor handling tug supply (AHTS) vessel,2026,Springer Link (Chiba Institute of Technology)
update-2026,REC-064,KEEP,no inclusion signals on review,EXCLUDE,E5:pv system,An Environmental Impact Analysis of the Transition to Electric-Propulsion Ships Toward Net-Zero Shipping: A Case Study of Vessels Operated by a Korean Shipping Company,2026,Journal of Marine Science and Engineering
update-2026,REC-090,KEEP,no inclusion signals on review,EXCLUDE,E1:non-maritime,Driver Behavior in Mixed Traffic with Autonomous Vehicles,2026,Future Transportation
update-2026,REC-093,KEEP,no inclusion signals on review,EXCLUDE,E1:non-maritime,Data-Driven Methods and Artificial Intelligence in Reliability and Maintenance: A Review,2026,Mathematics
update-2026,REC-103,KEEP,no inclusion signals on review,EXCLUDE,E1:non-maritime,Comparative Analysis of Population Initialization Strategies in Metaheuristic Optimization,2026,Cybernetics and Information Technologies
update-2026,REC-108,KEEP,no inclusion signals on review,EXCLUDE,E1:non-performance-topic,A sequential bayesian operational mode classification for SHM under discrete operational variability,2026,Mechanical Systems and Signal Processing
update-2026,REC-110,KEEP,no inclusion signals on review,EXCLUDE,E1:non-performance-topic,Integrated Analysis of NOx Reduction and Performance Enhancement in HYUNDAI-HiMSEN 7H35DFP Dual-Fuel Marine Engine,2026,Journal of Marine Science and Engineering
update-2026,REC-126,KEEP,no inclusion signals on review,EXCLUDE,E1:non-maritime,FORECASTING WIND DIRECTION IN ALOR SETAR USING MACHINE LEARNING TIME SERIES MODELS WITH TRIGONOMETRIC TRANSFORMATION,2026,BAREKENG JURNAL ILMU MATEMATIKA DAN TERAPAN
update-2026,REC-135,KEEP,no inclusion signals on review,EXCLUDE,E1:trajectory prediction,Maritime Trajectory Forecasting via CNN–SOFTS-Based Coupled Spatio-Temporal Features,2026,Sensors
update-2026,REC-137,KEEP,no inclusion signals on review,EXCLUDE,E1:non-performance-topic,Forecasting bunker price using deep learning and dimensionality reduction,2026,Maritime Business Review
update-2026,REC-139,KEEP,no inclusion signals on review,EXCLUDE,E1:non-performance-topic,A Lightweight CA-ConvLSTM Framework for Grid-Level Vessel Traffic Flow Prediction with Spatially Aligned Meteorological Information,2026,Journal of Marine Science and Engineering
update-2026,REC-152,KEEP,no inclusion signals on review,EXCLUDE,E1:non-maritime,Kernel-based dynamic ensemble approach for classifying imbalanced data with overlapping classes,2026,Scientific Reports
update-2026,REC-156,KEEP,no inclusion signals on review,EXCLUDE,E1:non-maritime,Extending Bayesian Decision Trees to Incorporate External Information: A Sprint Kayak and Canoe Case Study,2026,Queensland University of Technology
update-2026,REC-186,KEEP,no inclusion signals on review,EXCLUDE,E5:medical,Metamaterials and Fluid Flows,2026,Nature Communications
update-2026,REC-191,KEEP,no inclusion signals on review,EXCLUDE,E1:non-maritime,Bifurcation-adaptive physics-informed neural networks for stochastic dynamical systems,2026,Discover Computing
update-2026,REC-193,KEEP,no inclusion signals on review,EXCLUDE,E1:non-performance-topic,Regularized machine learning for system identification of ship free-running manoeuvres from CFD-based synthetic data: A comparative study,2026,Ocean Engineering
update-2026,REC-204,KEEP,no inclusion signals on review,EXCLUDE,E1:non-performance-topic,Computational Framework for Nonlinear Seakeeping Prediction under Hydrodynamic Uncertainty,2026,Research Square
update-2026,REC-224,KEEP,no inclusion signals on review,EXCLUDE,E1:non-maritime,WaveUformer: a bias correction model for GWSM4C Wave Forecasting,2026,Frontiers in Marine Science
update-2026,REC-231,KEEP,no inclusion signals on review,EXCLUDE,E1:non-maritime,A thinking innovation strategy based Northern goshawk optimizer enhanced extreme learning machine for bankruptcy prediction problems,2026,Scientific Reports
update-2026,REC-232,KEEP,no inclusion signals on review,EXCLUDE,E1:motion prediction,Prediction-Driven Assessment of Multi-Ship Traffic Pressure and Maritime Traffic Situation,2026,Journal of Marine Science and Engineering
update-2026,REC-236,KEEP,no inclusion signals on review,EXCLUDE,E1:non-performance-topic,Digital Twin-based Out-of-Distribution Detection in Autonomous Vessels,2026,ACM Transactions on Software Engineering and Methodology
update-2026,REC-237,KEEP,no inclusion signals on review,EXCLUDE,E1:non-performance-topic,Appointment-Based Lock Scheduling for Inland Vessels Under Arrival Time Uncertainty,2026,Applied Sciences
update-2026,REC-238,KEEP,no inclusion signals on review,EXCLUDE,E1:non-performance-topic,LLM-Driven Predictive–Adaptive Guidance for Autonomous Surface Vessels Under Environmental Disturbances,2026,Journal of Marine Science and Engineering
update-2026,REC-314,KEEP,no inclusion signals on review,EXCLUDE,E1:non-maritime,"AI-Driven Data Center Infrastructure, Mechanical Piping Systems, and Reliability Engineering: Energy Optimization, Fault Prediction",2026,International Journal of Emerging Research in Engineering and Technology
update-2026,REC-330,KEEP,no inclusion signals on review,EXCLUDE,E3:no-ML-method,Quantifying Human-Driven Energy and Cost Variability in Tugboat Manoeuvres,2026,Maritime Transport Conference
update-2026,REC-343,KEEP,no inclusion signals on review,EXCLUDE,E1:weather routing,Life Cycle Assessment and Artificial Intelligence in Wind-Assisted Ship Propulsion,2026,BCU Open Access Repository (Birmingham City University)
original,REC-085,KEEP,no inclusion signals on review,EXCLUDE,E1:non-maritime,Data Analysis for the Aero Derivative Engines Bleed System Failure Identification and Prediction,2021,International Journal of Intelligent Systems and Applications
original,REC-102,READMIT,Gradient-boosting digital-twin voyage performance prediction on noon-report+AIS with train/validation split,EXCLUDE,E1:weather routing,Voyage performance evaluation based on a digital twin model,2020,IOP Conference Series: Materials Science and Engineering
original,REC-116,KEEP,no inclusion signals on review,EXCLUDE,E1:non-performance-topic,Multi-Step Ship Roll Motion Prediction Based on Bi-LSTM and Input Optimization,2023,Annual Conference of the IEEE Industrial Electronics Society
original,REC-126,KEEP,no inclusion signals on review,EXCLUDE,E1:dynamic positioning,A Novel Densely Connected Convolutional Neural Network for Sea-State Estimation Using Ship Motion Data,2020,IEEE Transactions on Instrumentation and Measurement
original,REC-132,KEEP,no inclusion signals on review,EXCLUDE,E3:no-ML-method,Environmental and Cost Assessments of Marine Alternative Fuels for Fully Autonomous Short-Sea Shipping Vessels Based on the Global Warming Potential Approach,2024,Journal of Marine Science and Engineering
original,REC-143,KEEP,no inclusion signals on review,EXCLUDE,E1:underwater noise,PERSPECTIVES OF USING THE STATIC ELECTRIC POWER SOURCES ON SHIPS WITH ELECTRIC PROPULSION PLANTS,2020,
original,REC-163,KEEP,no inclusion signals on review,EXCLUDE,E3:no-ML-method,Distributed Propulsion: A Novel Concept for Inland Vessels,2015,
original,REC-218,READMIT,"ML estimation of hydrodynamic performance / power demand / fuel consumption; rule defeated by hyphenated ""machine-learning""",EXCLUDE,E3:no-ML-method,Ship performance monitoring using machine-learning,2022,Ocean Engineering
original,REC-232,KEEP,no inclusion signals on review,EXCLUDE,E1:non-maritime,"Artificial intelligence, machine learning and deep learning in advanced robotics, a review",2023,Cognitive Robotics
original,REC-247,DUPLICATE,Same title and abstract as REC-218 (dedup miss); admit once via REC-218,EXCLUDE,E3:no-ML-method,Ship Performance Monitoring using Machine-learning,2021,arXiv (Cornell University)
original,REC-253,KEEP,no inclusion signals on review,EXCLUDE,E1:non-maritime,"A Review of Further Directions for Artificial Intelligence, Machine Learning, and Deep Learning in Smart Logistics",2020,Sustainability
original,REC-256,KEEP,no inclusion signals on review,EXCLUDE,E1:non-maritime,Applications of Digital Twin across Industries: A Review,2022,Applied Sciences
original,REC-266,KEEP,no inclusion signals on review,EXCLUDE,E3:no-ML-method,Ship Speed Optimization Considering Ocean Currents to Enhance Environmental Sustainability in Maritime Shipping,2020,Sustainability
original,REC-285,KEEP,no inclusion signals on review,EXCLUDE,E3:no-ML-method,Harnessing AI for Sustainable Shipping and Green Ports: Challenges and Opportunities,2024,Applied Sciences
original,REC-319,READMIT,"Gray-box ship fuel consumption prediction with SHAP; rule knows ""gray-box"" but abstract spells ""gray box""",EXCLUDE,E3:no-ML-method,An Interpretable Gray Box Model for Ship Fuel Consumption Prediction Based on the SHAP Framework,2023,Journal of Marine Science and Engineering
original,REC-320,KEEP,no inclusion signals on review,EXCLUDE,E1:non-performance-topic,A Review of Prognostic and Health Management (PHM) Methods and Limitations for Marine Diesel Engines: New Research Directions,2023,Machines
original,REC-342,KEEP,no inclusion signals on review,EXCLUDE,E3:no-ML-method,"Application, opportunities, and challenges of digital technologies in the decarbonizing shipping industry: a bibliometric analysis",2025,Frontiers in Marine Science
original,REC-395,KEEP,no inclusion signals on review,EXCLUDE,E1:non-maritime,Operator learning for predicting multiscale bubble growth dynamics,2021,The Journal of Chemical Physics
original,REC-397,READMIT,ML-based ship speed prediction in ice; consistent with rao2021 (Arctic speed prediction) already included,EXCLUDE,E1:non-performance-topic,A machine learning-based method for simulation of ship speed profile in a complex ice field,2019,Ships and Offshore Structures
original,REC-400,KEEP,no inclusion signals on review,EXCLUDE,E1:non-performance-topic,Research on Fault Early Warning of Marine Diesel Engine Based on CNN-BiGRU,2022,Journal of Marine Science and Engineering
original,REC-405,KEEP,no inclusion signals on review,EXCLUDE,E1:non-performance-topic,Artificial Neural Network for Forecasting Wave Heights along a Ship’s Route during Hurricanes,2017,Journal of Waterway Port Coastal and Ocean Engineering
original,REC-408,KEEP,no inclusion signals on review,EXCLUDE,E1:non-performance-topic,Online Learning based GA-BP Neural Network to Predict Ship Trajectory,2021,2021 China Automation Congress (CAC)
original,REC-410,KEEP,no inclusion signals on review,EXCLUDE,E1:non-performance-topic,Online Data-Driven Integrated Prediction Model for Ship Motion Based on Data Augmentation and Filtering Decomposition and Time-Varying Neural Network,2024,Journal of Marine Science and Engineering
original,REC-432,KEEP,no inclusion signals on review,EXCLUDE,E3:no-ML-method,MPC-informed ECMS based real-time power management strategy for hybrid electric ship,2021,Energy Reports
original,REC-451,KEEP,no inclusion signals on review,EXCLUDE,E3:no-ML-method,A Real-Time Power Management Strategy for Hybrid Electrical Ships Under Highly Fluctuated Propulsion Loads,2022,IEEE Systems Journal
original,REC-470,KEEP,no inclusion signals on review,EXCLUDE,E1:non-maritime,Adaptive Sliding Mode Trajectory Tracking Control for Unmanned Surface Vehicle with Modeling Uncertainties and Input Saturation,2019,Applied Sciences
original,REC-535,KEEP,no inclusion signals on review,EXCLUDE,E3:no-ML-method,Ship Fouling Monitoring and Analysis Based on Data Driven Methods,2023,"2023 CAA Symposium on Fault Detection, Supervision and Safety for Technical Processes (SAFEPROCESS)"
original,REC-551,KEEP,no inclusion signals on review,EXCLUDE,E1:motion prediction,The OVMD-SAE-FCM Prediction Method for Non-Stationary Ship Roll Motion,2025,2025 44th Chinese Control Conference (CCC)
update-2026,REC-057,KEEP,no inclusion signals on review,EXCLUDE,E1:non-performance-topic,A Structured Techno-Economic and Environmental Assessment Framework for Green Interventions on Cargo Ships: Application to a Container Vessel,2026,Eng—Advances in Engineering
update-2026,REC-079,KEEP,no inclusion signals on review,EXCLUDE,E1:non-performance-topic,An Analysis of Ship Waiting Times at Bozcaada Anchorage Area,2026,Journal of Naval Sciences and Engineering
update-2026,REC-087,KEEP,no inclusion signals on review,EXCLUDE,E1:route optimization,Spatial Analysis Of Ship Movements Using Trajectory Clustering,2026,Procedia Computer Science
update-2026,REC-088,KEEP,no inclusion signals on review,EXCLUDE,E3:no-ML-method,"Joint optimization method of ship energy efficiency based on water depth, speed, and trim",2026,Journal of Physics Conference Series
update-2026,REC-113,KEEP,no inclusion signals on review,EXCLUDE,E1:non-performance-topic,Machine Learning Framework for Fault Detection and Diagnosis in Rotating Machinery,2026,Journal of Marine Science and Engineering
update-2026,REC-131,KEEP,no inclusion signals on review,EXCLUDE,E1:motion prediction,Study on the prediction performance of ship motion in waves by LSTM under missing data,2026,Brodogradnja
update-2026,REC-138,KEEP,no inclusion signals on review,EXCLUDE,E3:no-ML-method,Experimental investigation on lubrication regimes transition in marine propulsion shafting: a diagnostic methodology via signal feature fusion,2026,Engineering Research Express
update-2026,REC-144,KEEP,no inclusion signals on review,EXCLUDE,E1:non-performance-topic,A Method for Reconstructing State Information of Ship Integrated Power System Distribution Networks Under Incomplete Data Conditions,2026,Energies
update-2026,REC-155,KEEP,no inclusion signals on review,EXCLUDE,E3:no-ML-method,Construction of Typical Sailing Conditions for Harbor Tugs Based on WOA-K-Means++ Clustering and Hidden Markov Models,2026,Journal of Marine Science and Engineering
update-2026,REC-157,KEEP,no inclusion signals on review,EXCLUDE,E1:non-performance-topic,Valuing Offshore Habitat to Recreational Anglers Using Cellphone Location Data,2026,Land Economics
update-2026,REC-184,KEEP,no inclusion signals on review,EXCLUDE,E1:non-performance-topic,Physics-informed dimensionality reduction for propeller shape optimization,2026,Applied Ocean Research
update-2026,REC-185,KEEP,no inclusion signals on review,EXCLUDE,E1:non-performance-topic,Novelties in Marine Propulsion,2026,Journal of Marine Science and Engineering
update-2026,REC-187,KEEP,no inclusion signals on review,EXCLUDE,E1:non-maritime,Convective Heat Transfer in Gas-Cooled Nuclear Reactors—A Review,2026,Energies
update-2026,REC-195,KEEP,no inclusion signals on review,EXCLUDE,E1:non-performance-topic,A comprehensive CFD lifecycle dataset for marine vessel hydrodynamics,2026,Scientific Data
update-2026,REC-203,KEEP,no inclusion signals on review,EXCLUDE,E1:non-performance-topic,A Methodological Framework for Cognitive AI Integration in Marine CAD Environments for Ship Design: Application to Pipe Routing,2026,Preprints.org
update-2026,REC-205,KEEP,no inclusion signals on review,EXCLUDE,E1:non-performance-topic,Field-Level Uncertainty Quantification for AI-Based Ship Hull Surface Pressure Prediction,2026,Journal of Marine Science and Engineering
update-2026,REC-207,KEEP,no inclusion signals on review,EXCLUDE,E1:non-maritime,Review on tsunami research and risk mitigation: from prediction models to resilient coastal communities,2026,npj natural hazards.
update-2026,REC-221,KEEP,no inclusion signals on review,EXCLUDE,E3:no-ML-method,Integrated Approach to Modelling the Reliability of Gears in Ship Propulsion Systems,2026,Applied Sciences
update-2026,REC-222,KEEP,no inclusion signals on review,EXCLUDE,E1:non-performance-topic,A Unified Fractal Processing Framework for Normalized AIS and ECDIS Ship Trajectories,2026,Digital
update-2026,REC-225,KEEP,no inclusion signals on review,EXCLUDE,E1:non-maritime,A Four-Reference-Point Sliding-Window Game-Theoretic Model for Sustainable Emergency Decision-Making,2026,Sustainability
update-2026,REC-235,KEEP,no inclusion signals on review,EXCLUDE,E1:non-maritime,HAO-AVP: An Entropy-Gini Reinforcement Learning Assisted Hierarchical Void Repair Protocol for Underwater Wireless Sensor Networks,2026,Sensors
update-2026,REC-243,KEEP,no inclusion signals on review,EXCLUDE,E1:non-maritime,Prototyping of self-sustaining propulsion systems for solar system exploration,2026,JOURNAL OF ADVANCES IN PHYSICS
update-2026,REC-252,KEEP,no inclusion signals on review,EXCLUDE,E1:non-performance-topic,A Maintenance-Aware Temporal Contrastive Autoencoder for Health Index Learning of Marine Turbochargers Under Real-Ship Operation,2026,Journal of Marine Science and Engineering
update-2026,REC-258,KEEP,no inclusion signals on review,EXCLUDE,E5:clinical,"Artificial Intelligence for Computer-Aided Detection in Endovascular Interventions: Clinical Applications, Validation, and Translational Perspectives",2026,Bioengineering
update-2026,REC-261,KEEP,no inclusion signals on review,EXCLUDE,E1:non-maritime,Critical Review on Verification and Validation Frameworks for AI-based Diagnostics in Military CBM+,2026,KSII Transactions on Internet and Information Systems
update-2026,REC-264,KEEP,no inclusion signals on review,EXCLUDE,E3:no-ML-method,Impact of vessel operations on navigation channel stability and the broader environment : insights from a workshop held 4–5 September 2024,2026,
update-2026,REC-267,KEEP,no inclusion signals on review,EXCLUDE,E1:non-maritime,A Transfer-Learning-Based STL–LSTM Framework for Significant Wave Height Forecasting,2026,Journal of Marine Science and Engineering
update-2026,REC-272,KEEP,no inclusion signals on review,EXCLUDE,E1:collision avoidance,Deep Learning-Based AIS Signal Collision Detection in Satellite Reception Environment,2026,Applied Sciences
update-2026,REC-315,KEEP,no inclusion signals on review,EXCLUDE,E5:drone,AI-Based Ship Route Tracking and Oil Leakage Monitoring,2026,2026 IEEE International Conference on AI Engineering and Innovations (AIEI)
update-2026,REC-323,KEEP,no inclusion signals on review,EXCLUDE,E1:non-maritime,Correction Functions and Refinement Algorithms for Enhancing the Performance of Machine Learning Models,2026,Automation
update-2026,REC-329,KEEP,no inclusion signals on review,EXCLUDE,E1:non-performance-topic,"Deploying Efficient LLM Agents on Maritime Autonomous Surface Ships: Fine-Tuning, RAG, and Function Calling in a Mid-Size Model",2026,Inf.
update-2026,REC-341,KEEP,no inclusion signals on review,EXCLUDE,E1:non-performance-topic,Full-Stack Platform for AIS Data Preprocessing and Visualization for Maritime Tanker Analysis,2026,RUCforsk (Roskilde University)
update-2026,REC-348,KEEP,no inclusion signals on review,EXCLUDE,E1:structural integrity,A Machine Learning Enabled MDO for Bio-Inspired Autonomous Underwater Gliders,2026,arXiv (Cornell University)
update-2026,REC-349,KEEP,no inclusion signals on review,EXCLUDE,E5:aircraft,Adaptive Model Predictive Control of Nonlinear Generic Urban Air Mobility Using Linear Parameter-Varying Systems,2026,arXiv (Cornell University)
original,REC-120,KEEP,no inclusion signals on review,EXCLUDE,E3:no-ML-method,Big Data Analysis of the Speed Performance of a 176k DWT Bulk Carrier in Real Operating Conditions,2024,Journal of Marine Science and Engineering
original,REC-122,KEEP,no inclusion signals on review,EXCLUDE,E1:non-performance-topic,Classification of Ship Type from Combination of HMM-DNN-CNN Models Based on Ship Trajectory Features,2024,Remote Sensing
original,REC-165,KEEP,no inclusion signals on review,EXCLUDE,E3:no-ML-method,Heuristic Strategy-Empowered Real-Time Path Following for Autonomous Surface Vessel With Adaptive Line-of-Sight Guidance,2025,IEEE Journal of Oceanic Engineering
original,REC-174,KEEP,no inclusion signals on review,EXCLUDE,E1:non-maritime,Continuous Model Calibration: Leveraging Feedback-Driven Fine-Tuning for Self- Correcting Large Language Models,2025,International Journal of Research Publication and Reviews
original,REC-175,KEEP,no inclusion signals on review,EXCLUDE,E1:non-performance-topic,Adaptive model of vessel movement in control systems,2022,MORSKIE INTELLEKTUAL`NYE TEHNOLOGII
original,REC-177,KEEP,no inclusion signals on review,EXCLUDE,E1:non-performance-topic,Predefined-Time Adaptive Neural Control with Event-Triggering for Robust Trajectory Tracking of Underactuated Marine Vessels,2025,Processes
original,REC-185,KEEP,no inclusion signals on review,EXCLUDE,E1:non-performance-topic,Neuro-Based Adaptive PID Controller for Marine Satellite Tracking Systems,2025,IEEE Access
original,REC-194,KEEP,no inclusion signals on review,EXCLUDE,E3:no-ML-method,Multi-Stream Process Modeling,2025,Mathematical and computer modelling. Series: Technical sciences
original,REC-201,KEEP,no inclusion signals on review,EXCLUDE,E1:non-performance-topic,Enhancing roll-damping predictions: A novel approach with LWM and AGM validation,2025,Nauchno-tekhnicheskiy vestnik Bryanskogo gosudarstvennogo universiteta
original,REC-208,KEEP,no inclusion signals on review,EXCLUDE,E1:non-performance-topic,Experimental Study of Intelligent Autopilot for Surface Vessels Based on Neural Network Optimised PID Controller,2019,Chinese Control and Decision Conference
original,REC-209,KEEP,no inclusion signals on review,EXCLUDE,E3:no-ML-method,"Path following for podded propulsion unmanned surface vehicle: Theory, simulation and experiment",2018,
original,REC-212,KEEP,no inclusion signals on review,EXCLUDE,E1:non-performance-topic,Simulation-augmented methods for safe and efficient manoeuvres in harbour areas,2016,
original,REC-215,KEEP,no inclusion signals on review,EXCLUDE,E3:no-ML-method,An Experimental Investigation of the Trim Effect on the Behaviour of a Containership in Shallow Water,2019,Ocean Engineering
original,REC-233,KEEP,no inclusion signals on review,EXCLUDE,E3:no-ML-method,Operational data for sea margin calculations in early ship design,2024,IMDC.
original,REC-240,KEEP,no inclusion signals on review,EXCLUDE,E1:non-maritime,"Digital Twin: Values, Challenges and Enablers From a Modeling Perspective",2020,IEEE Access
original,REC-246,KEEP,no inclusion signals on review,EXCLUDE,E3:no-ML-method,Optimal ship speed and the cubic law revisited: Empirical evidence from an oil tanker fleet,2020,Transportation Research Part E Logistics and Transportation Review
original,REC-257,KEEP,no inclusion signals on review,EXCLUDE,E1:non-maritime,"Artificial intelligence enabling circular business model innovation in digital servitization: Conceptualizing dynamic capabilities, AI capacities, business models and effects",2023,Technological Forecasting and Social Change
original,REC-271,KEEP,no inclusion signals on review,EXCLUDE,E3:no-ML-method,Energy and Exergy Analysis of a Cruise Ship,2018,MDPI (MDPI AG)
original,REC-274,KEEP,no inclusion signals on review,EXCLUDE,E1:non-maritime,Digital twin of a city: Review of technology serving city needs,2022,International Journal of Applied Earth Observation and Geoinformation
original,REC-278,KEEP,no inclusion signals on review,EXCLUDE,E1:non-performance-topic,Ship’s Digital Twin—A Review of Modelling Challenges and Applications,2022,Applied Sciences
original,REC-282,KEEP,no inclusion signals on review,EXCLUDE,E1:non-maritime,A spatio-temporal analysis investigating completeness and inequalities of global urban building data in OpenStreetMap,2023,Nature Communications
original,REC-284,KEEP,no inclusion signals on review,EXCLUDE,E1:ship detection,Video-Based Detection Infrastructure Enhancement for Automated Ship Recognition and Behavior Analysis,2020,Journal of Advanced Transportation
original,REC-291,KEEP,no inclusion signals on review,EXCLUDE,E1:non-performance-topic,Digital Twin in the Maritime Domain: A Review and Emerging Trends,2023,Journal of Marine Science and Engineering
original,REC-292,KEEP,no inclusion signals on review,EXCLUDE,E5:state of charge,Prognostics and Health Management for the Optimization of Marine Hybrid Energy Systems,2020,Energies
original,REC-299,KEEP,no inclusion signals on review,EXCLUDE,E1:non-maritime,"A Survey on Digital Twin: Definitions, Characteristics, Applications, and Design Implications",2019,IEEE Access
original,REC-300,KEEP,no inclusion signals on review,EXCLUDE,E1:non-maritime,"Condition Monitoring using Machine Learning: A Review of Theory, Applications, and Recent Advances",2023,Expert Systems with Applications
original,REC-303,KEEP,no inclusion signals on review,EXCLUDE,E1:non-performance-topic,Deep-learning-based information mining from ocean remote-sensing imagery,2020,National Science Review
original,REC-317,KEEP,no inclusion signals on review,EXCLUDE,E1:non-maritime,A Review on Vibration-Based Condition Monitoring of Rotating Machinery,2022,Applied Sciences
original,REC-336,KEEP,no inclusion signals on review,EXCLUDE,E1:non-maritime,Energy Consumption Prediction Using Machine Learning; A Review,2019,Preprints.org
original,REC-337,KEEP,no inclusion signals on review,EXCLUDE,E1:non-performance-topic,Artificial Intelligence and Machine Learning for Green Shipping: Navigating towards Sustainable Maritime Practices,2024,JOIV International Journal on Informatics Visualization
original,REC-345,KEEP,no inclusion signals on review,EXCLUDE,E1:non-maritime,A generalized fuzzy k-nearest neighbor regression model based on Minkowski distance,2021,Granular Computing
original,REC-357,KEEP,no inclusion signals on review,EXCLUDE,E1:non-maritime,High-Level K-Nearest Neighbors (HLKNN): A Supervised Machine Learning Model for Classification Analysis,2023,Electronics
original,REC-383,KEEP,no inclusion signals on review,EXCLUDE,E1:non-performance-topic,The Application of Artificial Intelligence Technology in Shipping: A Bibliometric Review,2024,Journal of Marine Science and Engineering
original,REC-386,KEEP,"Semi-empirical speed-loss formulas verified by model tests, no data-driven learning component (E2)",EXCLUDE,E1:voyage optimization,A Practical Speed Loss Prediction Model at Arbitrary Wave Heading for Ship Voyage Optimization,2021,Journal of Marine Science and Application
original,REC-398,KEEP,no inclusion signals on review,EXCLUDE,E1:non-maritime,Digital Twins in Wind Energy: Emerging Technologies and Industry-Informed Future Directions,2023,IEEE Access
original,REC-414,KEEP,no inclusion signals on review,EXCLUDE,E1:non-performance-topic,A distributed online learning approach for pattern prediction over movement event streams with apache flink,2022,Fraunhofer-Publica (Fraunhofer-Gesellschaft)
original,REC-424,KEEP,no inclusion signals on review,EXCLUDE,E3:no-ML-method,Development of nonlinear control strategies for a fully electric high-speed passenger vessel,2023,2023 IEEE 6th Colombian Conference on Automatic Control (CCAC)
original,REC-428,KEEP,no inclusion signals on review,EXCLUDE,E1:non-performance-topic,An Updated Assessment of Near‐Surface Temperature Change From 1850: The HadCRUT5 Data Set,2020,Journal of Geophysical Research Atmospheres
original,REC-435,KEEP,no inclusion signals on review,EXCLUDE,E3:no-ML-method,Component sizing and energy management for SOFC-based ship power systems,2021,Energy Conversion and Management
original,REC-530,KEEP,no inclusion signals on review,EXCLUDE,E3:no-ML-method,Study on manoeuverability and control of an autonomous Wave Adaptive Modular Vessel (WAM-V) for ocean observation,2015,2015 International Association of Institutes of Navigation World Congress (IAIN)
original,REC-546,KEEP,no inclusion signals on review,EXCLUDE,E3:no-ML-method,Dynamic Performance Improvement of MRAS Based Sensorless Control for Permanent Magnet Synchronous Machines,2023,2023 26th International Conference on Electrical Machines and Systems (ICEMS)
original,REC-549,KEEP,no inclusion signals on review,EXCLUDE,E1:non-performance-topic,An improved adaptive navigation control model for state prediction of the forward vessel,2025,2025 IEEE 8th Information Technology and Mechatronics Engineering Conference (ITOEC)
original,REC-554,KEEP,no inclusion signals on review,EXCLUDE,E1:non-performance-topic,Parameter Prediction of Marine Seawater Cooling System Based on EMD-BO-LIESN Combined Model,2023,2023 5th International Academic Exchange Conference on Science and Technology Innovation (IAECST)
update-2026,REC-013,KEEP,no inclusion signals on review,EXCLUDE,E5:microgrid,Enhancement of Reactive Power and Efficiency Using Hybrid Compensation Approach for Supply Vessels,2026,Journal of Marine Science and Engineering
update-2026,REC-016,KEEP,no inclusion signals on review,EXCLUDE,E1:non-performance-topic,"Energy Management Strategies for Fuel Cell Hybrid Ships: Classification, Comparison, and Outlook",2026,Energies
update-2026,REC-036,KEEP,no inclusion signals on review,EXCLUDE,E1:non-performance-topic,A Novel Methodology and Modelling for the Calculation of the Ship’s Pivot Point Making Use of a Full-Mission Bridge Simulator,2026,Journal of Marine Science and Engineering
update-2026,REC-065,KEEP,no inclusion signals on review,EXCLUDE,E1:non-performance-topic,Technological Bottlenecks in Fuels for Maritime Decarbonization,2026,Journal of Marine Science and Engineering
update-2026,REC-084,KEEP,no inclusion signals on review,EXCLUDE,E1:non-performance-topic,Monitoring and service for ships from the perspective of the remote operations center,2026,Journal of Shipping and Trade
update-2026,REC-085,KEEP,no inclusion signals on review,EXCLUDE,E1:non-performance-topic,Unbiased automated optimization of ship energy systems,2026,Ship Technology Research
update-2026,REC-086,KEEP,no inclusion signals on review,EXCLUDE,E1:non-performance-topic,Hull Design Optimization and Ship Resistance Reduction: The Mediating Role of Hydrodynamic Performance and the Moderating Effect of Ship Speed Variation,2026,Information Technology Education Journal
update-2026,REC-181,KEEP,no inclusion signals on review,EXCLUDE,E1:non-performance-topic,Committee V.8: Uncertainty Modelling in Waves and Wave Responses,2026,Lecture notes in mechanical engineering
update-2026,REC-213,KEEP,no inclusion signals on review,EXCLUDE,E1:non-maritime,Fusing Prediction and Perception: Adaptive Kalman Filter-Driven Respiratory Gating for MR Surgical Navigation,2026,Sensors
update-2026,REC-219,KEEP,no inclusion signals on review,EXCLUDE,E1:non-performance-topic,FFRLS-MPC: An adaptive model predictive control method for robust ship course keeping,2026,Scientific Reports
update-2026,REC-226,KEEP,no inclusion signals on review,EXCLUDE,E1:collision avoidance,Dynamic Decision-Making and Adaptive Control for Autonomous Ships in Bridge-Restricted Waterways,2026,Applied Sciences
update-2026,REC-229,KEEP,no inclusion signals on review,EXCLUDE,E1:non-performance-topic,Multi-Antenna GNSS Inversion Algorithm for Time-Varying Center-of-Rotation Estimation of Ships: A Six-Degree-of-Freedom Simulation Study,2026,Research Square
update-2026,REC-241,KEEP,no inclusion signals on review,EXCLUDE,E1:non-performance-topic,Algorithmic Decision-Making Framework for Ship Modernization Strategy Using Nonlinear Multi-Parameter Optimization,2026,International Journal of Computer Theory and Engineering
update-2026,REC-255,KEEP,no inclusion signals on review,EXCLUDE,E1:non-performance-topic,MF-GCN: Multimodal Information Fusion Using Incremental Graph Convolutional Network for Ship Behavior Anomaly Detection,2026,Journal of Marine Science and Engineering
update-2026,REC-271,KEEP,no inclusion signals on review,EXCLUDE,E1:non-maritime,"Cross‐Sectional Studies: Strengths, Limitations, and Methodological Considerations",2026,Journal of Periodontal Research
update-2026,REC-274,KEEP,no inclusion signals on review,EXCLUDE,E1:non-performance-topic,Comparison of In-Situ and Satellite Measurements of Sea Surface Salinity in Coastal Southern California,2026,
update-2026,REC-322,KEEP,no inclusion signals on review,EXCLUDE,E1:ship detection,Real-Time Intelligent Detection Algorithm for Ship Targets in High-Resolution Wide-Swath Sea Surface Images Captured by Airborne Cameras,2026,Italian National Conference on Sensors
update-2026,REC-324,KEEP,no inclusion signals on review,EXCLUDE,E1:non-performance-topic,A Cross-Control-Logic and Disturbance-Adaptive Line-Adhering Intelligent Navigation Framework for Autonomous Ships,2026,Journal of Marine Science and Engineering
update-2026,REC-331,KEEP,no inclusion signals on review,EXCLUDE,E1:non-performance-topic,Identification of shipping signals with few-shot learning: A distribution-aware approach,2026,PLoS ONE
update-2026,REC-350,KEEP,no inclusion signals on review,EXCLUDE,E1:non-maritime,MUSE: Multi-Tenant Model Serving With Seamless Model Updates,2026,arXiv (Cornell University)
original,REC-186,KEEP,no inclusion signals on review,EXCLUDE,E1:non-performance-topic,Dynamic Event-Triggered Disturbance Rejection Synchronous Tracking for Marine Vessels with Prescribed Performance*,2025,2025 Third International Conference on Cyber-Energy Systems and Intelligent Energy (ICCSIE)
original,REC-192,KEEP,no inclusion signals on review,EXCLUDE,E1:non-performance-topic,Preparation of Papers for IFAC Conferences & Symposia: Designing a characteristic model-based adaptive path following controller for unmanned surface vehicles,2019,IFAC-PapersOnLine
original,REC-202,KEEP,no inclusion signals on review,EXCLUDE,E1:non-performance-topic,Fault Diagnosis of Controllable Pitch Propeller as Few-Shot Classification with Mechanism Simulation Data Augmentation,2023,2023 IEEE 2nd Industrial Electronics Society Annual On-Line Conference (ONCON)
original,REC-203,KEEP,no inclusion signals on review,EXCLUDE,E1:non-performance-topic,Wave Characterization for Tomorrow's Oceans,2024,Oceans
original,REC-206,KEEP,no inclusion signals on review,EXCLUDE,E1:non-performance-topic,"A Novel Architecture for Testing and Evaluating Programmable Logic Controller (PLC) Based Control Systems Using Software-in-the-Loop (SIL): A Naval Hull, Mechanical, and Electrical (HM&E) Subsystem Case Study",2024,2024 IEEE AUTOTESTCON
original,REC-211,KEEP,no inclusion signals on review,EXCLUDE,E1:non-performance-topic,Robustness analysis of the next generation of EGR controllers in marine two-stroke diesel engines,2018,International Symposium on Computer Science and Society
original,REC-213,KEEP,no inclusion signals on review,EXCLUDE,E1:non-maritime,CDDM: Concept Drift Detection Model for Data Stream,2020,International Journal of Interactive Mobile Technologies
original,REC-318,KEEP,no inclusion signals on review,EXCLUDE,E1:non-performance-topic,Advanced Development of Sensors’ Roles in Maritime-Based Industry and Research: From Field Monitoring to High-Risk Phenomenon Measurement,2021,Applied Sciences
original,REC-331,KEEP,no inclusion signals on review,EXCLUDE,E1:path planning,Secretary bird optimization algorithm: a new metaheuristic for solving global optimization problems,2024,Artificial Intelligence Review
original,REC-335,KEEP,no inclusion signals on review,EXCLUDE,E1:non-performance-topic,Tiered prediction models for port vessel emissions inventories,2022,Flexible Services and Manufacturing Journal
original,REC-382,KEEP,no inclusion signals on review,EXCLUDE,E1:non-performance-topic,A framework to model the STPA hierarchical control structure of an autonomous ship,2020,Safety Science
original,REC-387,KEEP,no inclusion signals on review,EXCLUDE,E1:route optimization,A Review on Motion Prediction for Intelligent Ship Navigation,2024,Journal of Marine Science and Engineering
original,REC-388,KEEP,no inclusion signals on review,EXCLUDE,E1:non-performance-topic,Big maritime data for the Baltic Sea with a focus on the winter navigation system,2019,Marine Policy
original,REC-441,KEEP,no inclusion signals on review,EXCLUDE,E1:non-maritime,Survey of data assimilation methods for convective‐scale numerical weather prediction at operational centres,2017,Quarterly Journal of the Royal Meteorological Society
original,REC-459,KEEP,no inclusion signals on review,EXCLUDE,E1:collision avoidance,A survey of formation control and motion planning of multiple unmanned vehicles,2018,Robotica
original,REC-461,KEEP,no inclusion signals on review,EXCLUDE,E1:non-maritime,Combining GOSAT <i>X</i>CO<sub>2</sub> observations over land and ocean to improve regional CO<sub>2</sub> flux estimates,2016,Journal of Geophysical Research Atmospheres
original,REC-465,KEEP,no inclusion signals on review,EXCLUDE,E1:non-maritime,Decadal changes in global surface NO <sub> <i>x</i> </sub> emissions from multi-constituent satellite data assimilation,2017,Atmospheric chemistry and physics
original,REC-466,KEEP,no inclusion signals on review,EXCLUDE,E1:non-maritime,The Multisensor Advanced Climatology of Liquid Water Path (MAC-LWP),2017,Journal of Climate
original,REC-473,KEEP,no inclusion signals on review,EXCLUDE,E1:non-maritime,Optimum interpolation analysis of <scp>A</scp>quarius sea surface salinity,2015,Journal of Geophysical Research Oceans
original,REC-475,KEEP,no inclusion signals on review,EXCLUDE,E1:non-maritime,Half a century of satellite remote sensing of sea-surface temperature,2019,Remote Sensing of Environment
original,REC-534,KEEP,no inclusion signals on review,EXCLUDE,E1:non-maritime,Reduction of the model prediction error in vibration-based SHM applications,2024,11th European Workshop on Structural Health Monitoring Ewshm 2024
original,REC-552,KEEP,no inclusion signals on review,EXCLUDE,E1:non-maritime,The use of micro:bit in practical classes,2022,2022 26th International Conference on Information Technology (IT)
original,REC-557,KEEP,no inclusion signals on review,EXCLUDE,E1:non-performance-topic,Correcting Biased Evaporation in CloudSat Warm Rain,2017,IEEE Transactions on Geoscience and Remote Sensing
