dedup_id,title,authors,year,venue,doi,source_database,abstract_screen,pdf_path
REC-001,Explainable machine learning-based prediction of fuel consumption in ship main engines using operational data,"Anh Tuan Hoang, T. Bui, X. Nguyen, Van Hung Bui, Quang Chien Nguyen, Thanh Hai Truong, Nghia Chung",2025,Brodogradnja,10.21278/brod76405,Semantic Scholar,INCLUDE,pdfs/REC-002_Explainable_machine_learning-based_prediction_of_fuel_consumption_in_ship_main_e.pdf
REC-002,Data Fusion and Machine Learning for Ship Fuel Consumption Modelling - A Case of Bulk Carrier Vessel,"Abdella Mohamed, Xiangyu Hu, Christian Hendricks",2025,arXiv.org,10.48550/arXiv.2509.11750,Semantic Scholar,INCLUDE,pdfs/REC-001_Data_Fusion_and_Machine_Learning_for_Ship_Fuel_Consumption_Modelling_-_A_Case_of.pdf
REC-003,Physics-Informed Machine Learning for Vessel Shaft Power and Fuel Consumption Prediction: Interpretable KAN-Based Approach,"Hamza Haruna Mohammed, D. Marijan, Arnbjorn Maressa",2025,BigData Congress [Services Society],10.1109/BigData66926.2025.11400742,Semantic Scholar,INCLUDE,pdfs_new_13apr/2025_lohith_Ship_Fuel_Consumption_Prediction.pdf
REC-004,A Machine Learning Predictive Model for Ship Fuel Consumption,"Rhuan Fracalossi Melo, N. Figueiredo, Maisa Sales Gama Tobias, Paulo Afonso",2024,Applied Sciences,10.3390/app14177534,Semantic Scholar,INCLUDE,pdfs_15apr/applsci-14-07534.pdf
REC-005,Fuel Consumption Prediction for a Passenger Ferry using Machine Learning and In-service Data: A Comparative Study,"Pedram Agand, A. Kennedy, T. Harris, Chanwoo Bae, Mo Chen, E. Park",2023,Ocean Engineering,10.1016/j.oceaneng.2023.115271,Semantic Scholar,INCLUDE,pdfs/REC-005_Fuel_Consumption_Prediction_for_a_Passenger_Ferry_using_Machine_Learning_and_In-.pdf
REC-006,Machine Learning Models for Predicting Maritime Vessel Fuel Consumption in Offshore Environments,"Sang Thanh Do, Sirui Zhu, Issam Boukhennoufa, Shengyang Huang, Huaizhi Zhang, Amit Kumar Singh, Xiaojun Zhai, Hugo Spinola, Tom Mehew",2025,International Conference on Enterprise Systems,10.1109/ES64449.2025.11136542,Semantic Scholar,INCLUDE,pdfs_17apr/Machine_Learning_Models_for_Predicting_Maritime_Vessel_Fuel_Consumption_in_Offshore_Environments.pdf
REC-009,Development of a knowledge-based noise test for robustness of vessel fuel consumption prediction models,"Ping Chong Chua, Roland Chieng, Ruihan Wang, Kelvin Lee, Haiyan Xu, Xiuju Fu, Ran Yan",2025,Maritime Policy &amp; Management,10.1080/03088839.2025.2548786,Semantic Scholar,INCLUDE,pdfs_new_13apr/2025_lohith_Ship_Fuel_Consumption_Prediction.pdf
REC-011,Development of a Fuel Consumption Prediction Model Based on Machine Learning Using Ship In-Service Data,"Young-Rong Kim, Minsoon Jung, Jun-Bum Park",2021,Journal of Marine Science and Engineering,10.3390/JMSE9020137,Semantic Scholar,INCLUDE,pdfs_final_69/P-054_Development_of_a_Fuel_Consumption_Prediction_Model_Based_on.pdf
REC-012,"Machine Learning-Powered KPI Framework for Real-Time, Sustainable Ship Performance Management","Christos C. Spandonidis, Vasileios Iliopoulos, Iason Athanasopoulos",2025,Journal of Marine Science and Engineering,10.3390/jmse13081440,Semantic Scholar,INCLUDE,pdfs_15apr/jmse-13-01440.pdf
REC-015,Data-Driven Approach for Estimating Power and Fuel Consumption of Ship: A Case of Container Vessel,"Tayfun Uyanık, Yunus Yalman, Ö. Kalenderli, Yasin Arslanoğlu, Y. Terriche, C. Su, J. Guerrero",2022,Mathematics,10.3390/math10224167,Semantic Scholar,INCLUDE,pdfs/REC-016_Data-Driven_Approach_for_Estimating_Power_and_Fuel_Consumption_of_Ship_A_Case_o.pdf
REC-016,A Data-Driven Fuel Consumption Prediction Model for CPP Ships Using Improved BP Neural Network and Noise Filtering,"Saihao Zhu, Guichen Zhang, Huanglong Fu, Wei Chen, Zhongdong Gui",2025,IEEE International Conference on Power and Renewable Energy,10.1109/ICPRE67300.2025.11274028,Semantic Scholar,INCLUDE,pdfs_new_13apr/2025_lohith_Ship_Fuel_Consumption_Prediction.pdf
REC-017,Machine learning approach to ship fuel consumption: A case of container vessel,"Tayfun Uyanık, Çağlar Karatuğ, Yasin Arslanoğlu",2020,,10.1016/j.trd.2020.102389,Semantic Scholar,INCLUDE,pdfs_final_69/P-002_Machine_learning_approach_to_ship_fuel_consumption_A_case_o.pdf
REC-018,Research on Ship Engine Fuel Consumption Prediction Algorithm Based on Adaptive Optimization Generative Network,"Defu Zhang, Yu Song, Jianfeng Gao, Zhenyu Shen, Liangkuan Li, Anren Yao",2025,Journal of Marine Science and Engineering,10.3390/jmse13061140,Semantic Scholar,INCLUDE,pdfs_final_69/P-042_Research_on_Ship_Engine_Fuel_Consumption_Prediction_Algorith.pdf
REC-019,Machine learning for shaft power prediction and analysis of fouling related performance deterioration,"Anastasia Laurie, E. Anderlini, Jesper Dietz, G. Thomas",2021,,10.1016/J.OCEANENG.2021.108886,Semantic Scholar,INCLUDE,pdfs/REC-019_Machine_learning_for_shaft_power_prediction_and_analysis_of_fouling_related_perf.pdf
REC-021,A Ship Fuel Consumption Prediction Method Based on the Transformer-Local Attention Model,"Chong Yao, Yuwei Ge, Xinyue Zhang",2025,Youth Academic Annual Conference of Chinese Association of Automation,10.1109/YAC66630.2025.11150049,Semantic Scholar,UNCERTAIN,pdfs_new_13apr/2025_lohith_Ship_Fuel_Consumption_Prediction.pdf
REC-022,A Hybrid WSO-Optimized AE-CNN-BiLSTM Model for Ship Fuel Consumption Prediction,"Yuhao Liu, Xiao Chen",2025,2025 5th International Conference on Artificial Intelligence and Industrial Technology Applications (AIITA),10.1109/AIITA65135.2025.11047678,Semantic Scholar,UNCERTAIN,pdfs_new_13apr/2025_lohith_Ship_Fuel_Consumption_Prediction.pdf
REC-023,Enhancing Ship Propulsion Efficiency Predictions with Integrated Physics and Machine Learning,"Hamid Reza Soltani Motlagh, Seyed Behbood Issa-zadeh, Md Redzuan Zoolfakar, C. Garay-Rondero",2025,Journal of Marine Science and Engineering,10.3390/jmse13081487,Semantic Scholar,INCLUDE,pdfs_new_13apr/Enhancing_Ship_Propulsion_Efficiency_Predictions_w.pdf
REC-026,Hybrid semi-parametric model for ship power prediction*,"Khalil Chouikri, G. Graton, H. Noura, Stéphane Rapuc",2025,2025 33rd Mediterranean Conference on Control and Automation (MED),10.1109/MED64031.2025.11073208,Semantic Scholar,INCLUDE,pdfs_17apr/Hybrid_semi-parametric_model_for_ship_power_prediction.pdf
REC-027,Integrated multi-method approach for ship power prediction,"Khalil Chouikri, H. Noura, G. Graton, Stéphane Rapuc",2025,European Control Conference,10.23919/ECC65951.2025.11187246,Semantic Scholar,INCLUDE,pdfs_17apr/Integrated_multi-method_approach_for_ship_power_prediction.pdf
REC-028,Ship Voyage Route Waypoint Optimization Method Using Reinforcement Learning Considering Topographical Factors and Fuel Consumption,"Juhyang Lee, Youngseo Park, Jeongon Eom, Hungyu Hwang, Sewon Kim",2025,Journal of Marine Science and Engineering,10.3390/jmse13081554,Semantic Scholar,INCLUDE,pdfs_15apr/jmse-13-01554.pdf
REC-031,Research on Ship Main Engine Fuel Consumption Model With Data Integration and Noise Cleaning,"Yingbin Chen, Zhenping Huang, Liang Feng",2024,IEEE Access,10.1109/ACCESS.2024.3478783,Semantic Scholar,INCLUDE,pdfs_15apr/Research_on_Ship_Main_Engine_Fuel_Consumption_Model_With_Data_Integration_and_Noise_Cleaning.pdf
REC-032,Machine learning models for predicting ship main engine Fuel Oil Consumption: A comparative study,"Christos Gkerekos, I. Lazakis, G. Theotokatos",2019,Ocean Engineering,10.1016/j.oceaneng.2019.106282,Semantic Scholar,INCLUDE,pdfs/REC-032_Machine_learning_models_for_predicting_ship_main_engine_Fuel_Oil_Consumption_A.pdf
REC-033,FuelCast: Benchmarking Tabular and Temporal Models for Ship Fuel Consumption,"Justus Viga, Penelope Mueck, Alexander Löser, Torben Weis",2025,AALTD@ECML/PKDD,10.48550/arXiv.2510.08217,Semantic Scholar,INCLUDE,pdfs/REC-033_FuelCast_Benchmarking_Tabular_and_Temporal_Models_for_Ship_Fuel_Consumption.pdf
REC-034,"Estimation and optimization of ship fuel consumption in maritime: review, challenges, and future directions","D. Marijan, Hamza Haruna Mohammed, Bakht Zaman",2025,Journal of Marine Science and Technology,10.1007/s00773-025-01104-9,Semantic Scholar,INCLUDE,pdfs/REC-034_Estimation_and_optimization_of_ship_fuel_consumption_in_maritime_review_challe.pdf
REC-035,Ship speed prediction based on machine learning for efficient shipping operation,"A. Bassam, A. Phillips, S. Turnock, P. Wilson",2022,Ocean Engineering,10.1016/j.oceaneng.2021.110449,Semantic Scholar,INCLUDE,pdfs/REC-035_Ship_speed_prediction_based_on_machine_learning_for_efficient_shipping_operation.pdf
REC-036,A Data-Driven Method for Predicting Ship Carbon Intensity Index (CII) Based on ANN Network,"Feiyang Ren, Min Chen, Yu Bu, Yang Qiu, Shao-Chun Wang",2025,International Conference on Transportation Information and Safety,10.1109/ICTIS68762.2025.11215024,Semantic Scholar,INCLUDE,pdfs_17apr/A_Data-Driven_Method_for_Predicting_Ship_Carbon_Intensity_Index_CII_Based_on_ANN_Network.pdf
REC-037,Navigating Energy Efficiency: A Multifaceted Interpretability of Fuel Oil Consumption Prediction in Cargo Container Vessel Considering the Operational and Environmental Factors,"M. Handayani, Hyunju Kim, Sangbong Lee, Jihwan Lee",2023,Journal of Marine Science and Engineering,10.3390/jmse11112165,Semantic Scholar,INCLUDE,pdfs_15apr/jmse-11-02165.pdf
REC-039,Prediction of Ship Propulsion Power based on Bayesian optimized LightGBM Using Ship In-Service Data,"Liu Xu, Antong Zhang, Sun Qiang, Guo Yu, Wenhui Yin, Yunfan Yang, Jiawei Bao",2024,"International Conference on Communications, Circuits and Systems",10.1109/ICCCAS62034.2024.10652843,Semantic Scholar,INCLUDE,pdfs_17apr/Prediction_of_Ship_Propulsion_Power_based_on_Bayesian_optimized_LightGBM_Using_Ship_In-Service_Data.pdf
REC-040,Towards Improved Prediction of Ship Performance: A Comparative Analysis on In-service Ship Monitoring Data for Modeling the Speed-Power Relation,"Simon Dekeyser, Casimir Morob'e, Malte Mittendorf",2022,arXiv.org,10.48550/arXiv.2212.13061,Semantic Scholar,INCLUDE,pdfs/REC-040_Towards_Improved_Prediction_of_Ship_Performance_A_Comparative_Analysis_on_In-se.pdf
REC-041,Efficient Harbor Craft Monitoring System: Time-Series Data Analytics and Machine Learning Tools to Achieve Fuel Efficiency by Operational Scoring System,"Z. Y. Tay, J. Hadi, D. Konovessis, De Jin Loh, David Tan, Xiaobo Chen",2021,Ocean Engineering,10.1115/omae2021-62658,Semantic Scholar,INCLUDE,pdfs_15apr/OMAE2021_Tay_et_al_RG.pdf
REC-043,A Comparative Study to Estimate Fuel Consumption: A Simplified Physical Approach against a Data-Driven Model,"Alessandro La Ferlita, Yanjun Qi, Emanuel di Nardo, O. el Moctar, T. Schellin, A. Ciaramella",2023,Journal of Marine Science and Engineering,10.3390/jmse11040850,Semantic Scholar,INCLUDE,pdfs_final_69/P-019_A_Comparative_Study_to_Estimate_Fuel_Consumption_A_Simplifi.pdf
REC-045,Vessel’s trim optimization using IoT data and machine learning models,"Theodor Panagiotakopoulos, Ioannis Filippopoulos, Christos Filippopoulos, Evangelos Filippopoulos, Z. Lajic, A. Violaris, Sotirios Panagiotis Chytas, Yiannis Kiouvrekis",2022,"International Conference on Information, Intelligence, Systems and Applications",10.1109/IISA56318.2022.9904361,Semantic Scholar,INCLUDE,pdfs_17apr/Vessels_trim_optimization_using_IoT_data_and_machine_learning_models.pdf
REC-047,Analysis of weather and ship-type effects on fuel efficiency and emissions for green maritime operations,"Ngoc Doanh Le, N. Pham",2025,Journal of Emerging Science and Engineering,10.61435/jese.2025.e58,Semantic Scholar,INCLUDE,pdfs/REC-047_Analysis_of_weather_and_ship-type_effects_on_fuel_efficiency_and_emissions_for_g.pdf
REC-048,AI/ML Based Anomaly Detection and Fault Diagnosis of Turbocharged Marine Diesel Engines: Experimental Study on Engine of an Operational Vessel,"Deepesh Upadrashta, Tomi Wijaya",2025,Inf.,10.3390/info17010016,Semantic Scholar,INCLUDE,pdfs_15apr/information-17-00016.pdf
REC-049,A Study on the Prediction of Fuel Consumption of a Ship Using the Principal Component Analysis,"Young-Rong Kim, Gujong Kim, Jun-Bum Park",2019,,10.5394/KINPR.2019.43.6.335,Semantic Scholar,UNCERTAIN,pdfs_new_13apr/2025_lohith_Ship_Fuel_Consumption_Prediction.pdf
REC-050,Prediction of Main Engine Speed and Fuel Consumption of Inland Ships Based on Deep Learning,"Linxuan Lei, Zecheng Wen, Zhongbo Peng",2021,Journal of Physics: Conference Series,10.1088/1742-6596/2025/1/012012,Semantic Scholar,INCLUDE,pdfs_15apr/Lei_2021_J._Phys.__Conf._Ser._2025_012012.pdf
REC-053,New Insights into the Propulsion Power Prediction of Cruise Ships,"Fred Gonsalves, B. Pasdeloup, Romain Billot, P. Meyer, Arnaud Jacques, Matthieu Lorang",2021,IEEE International Conference on Tools with Artificial Intelligence,10.1109/ICTAI52525.2021.00135,Semantic Scholar,INCLUDE,pdfs/REC-053_New_Insights_into_the_Propulsion_Power_Prediction_of_Cruise_Ships.pdf
REC-056,Prediction of ship power based on variation in deep feed-forward neural network,"June-Beom Lee, M. Roh, Ki-Su Kim",2021,International Journal of Naval Architecture and Ocean Engineering,10.1016/j.ijnaoe.2021.08.001,Semantic Scholar,INCLUDE,pdfs_17apr/1-s2.0-S2092678221000443-main.pdf
REC-057,Cloud-Based IoT Solution for Predictive Modeling of Ship Fuel Consumption,"K. Kee, Simon Boung-Yew Lau",2019,International Conference on Software and Computer Applications,10.1145/3316615.3316710,Semantic Scholar,INCLUDE,pdfs_17apr/3316615.3316710.pdf
REC-060,Predicting Seagoing Ship Energy Efficiency from the Operational Data,"Aleksandar Vorkapić, Radoslav Radonja, Sanda Martinčić-Ipšić",2021,Italian National Conference on Sensors,10.3390/s21082832,Semantic Scholar,INCLUDE,pdfs_manual/Predicting_Seagoing_Ship_Energy_Efficien.pdf
REC-067,Feature Attribution Analysis to Quantify the Impact of Oceanographic and Maneuverability Factors on Vessel Shaft Power Using Explainable Tree-Based Model,"Donghyun Kim, M. Handayani, Sangbong Lee, Jihwan Lee",2023,Italian National Conference on Sensors,10.3390/s23031072,Semantic Scholar,INCLUDE,pdfs_final_69/P-029_Feature_Attribution_Analysis_to_Quantify_the_Impact_of_Ocean.pdf
REC-069,A Data-Driven Approach to Analyzing Fuel-Switching Behavior and Predictive Modeling of Liquefied Natural Gas and Low Sulfur Fuel Oil Consumption in Dual-Fuel Vessels,"Hyunju Kim, Sangbong Lee, Jihwan Lee, Donghyun Kim",2024,Journal of Marine Science and Engineering,10.3390/jmse12122235,Semantic Scholar,INCLUDE,pdfs_17apr/jmse-12-02235-v2.pdf
REC-071,Prediction of a Ship’s Operational Parameters Using Artificial Intelligence Techniques,"Kiriakos Alexiou, E. Pariotis, Theodoros Zannis, H. Leligou",2021,Journal of Marine Science and Engineering,10.3390/jmse9060681,Semantic Scholar,INCLUDE,pdfs_15apr/jmse-09-00681.pdf
REC-079,Transforming vessel and fleet operations in oil and gas: A framework for integrated operations planning and efficiency optimization,"David Chinalu Anaba, Mercy Odochi Agho, Ekene Cynthia Onukwulu, Peter Ifechukwude Egbumokei",2025,Gulf Journal of Advance Business Research,10.51594/gjabr.v3i1.78,Semantic Scholar,INCLUDE,pdfs/REC-079_Transforming_vessel_and_fleet_operations_in_oil_and_gas_A_framework_for_integra.pdf
REC-081,Nonlinear model of a dynamic system for forecasting of fuel consumption of a ship using a neural network,В.И. Филатов,2020,,10.37220/mit.2020.48.2.013,Semantic Scholar,INCLUDE,pdfs_oa_auto/REC-081_Nonlinear_model_of_a_dynamic_system_for_forecasting_of_fuel_consumption_of_a_shi.pdf
REC-082,Maritime Operational Intelligence: AR-IoT Synergies for Energy Efficiency and Emissions Control,"Christos C. Spandonidis, Z. Tzioridis, A. Petsa, Nikolaos Charanas",2025,Sustainability,10.3390/su17177982,Semantic Scholar,INCLUDE,pdfs_15apr/sustainability-17-07982-v2.pdf
REC-091,AI-POWERED PREDICTIVE FAILURE ANALYSIS IN PRESSURE VESSELS USING REAL-TIME SENSOR FUSION : ENHANCING INDUSTRIAL SAFETY AND INFRASTRUCTURE RELIABILITY,"Arafat Bin Fazle, Ripan Kumar Prodhan, Md Majharul Islam",2023,American Journal of Scholarly Research and Innovation,10.63125/wk278c34,Semantic Scholar,INCLUDE,pdfs_oa_auto/REC-091_AI_POWERED_PREDICTIVE_FAILURE_ANALYSIS_IN_PRESSURE_VESSELS_USING_REAL_TIME_SENSO.pdf
REC-092,Power Increase due to Marine Biofouling: a Grey-box Model Approach,"Matthew De Haas, Andrea Coraddu, Abdel-Ali El Mouhandiz, Nikoleta Dimitra Charisi, Austin A. Kana",2023,Modelling and Optimisation of Ship Energy Systems 2023,10.59490/moses.2023.661,Semantic Scholar,INCLUDE,pdfs/REC-092_Power_Increase_due_to_Marine_Biofouling_a_Grey-box_Model_Approach.pdf
REC-104,Towards a Realistic Estimation of the Powering Performance of a Ship with a Gate Rudder System,"N. Sasaki, S. Kuribayashi, M. Fukazawa, M. Atlar",2020,Journal of Marine Science and Engineering,10.3390/jmse8010043,Semantic Scholar,INCLUDE,pdfs_15apr/jmse-08-00043-v2.pdf
REC-105,Interpretable Machine Learning: A Case Study on Predicting Fuel Consumption in VLGC Ship Propulsion,"Aleksandar Vorkapić, Sandra Martinčić-Ipšić, Rok Piltaver",2024,Journal of Marine Science and Engineering,10.3390/jmse12101849,Semantic Scholar,INCLUDE,pdfs_final_69/P-064_Interpretable_Machine_Learning_A_Case_Study_on_Predicting_F.pdf
REC-106,Enhancing Ship Fuel Consumption Prediction: A Comprehensive Machine Learning Framework with Feature Selection and Explainability Technique,"Wenjie Cao, Xinjian Wang, Yuhao Cao, Zaili Yang, Jin Wang",2025,International Conference on Transportation Information and Safety,10.1109/ICTIS68762.2025.11214816,Semantic Scholar,INCLUDE,pdfs_new_13apr/2025_lohith_Ship_Fuel_Consumption_Prediction.pdf
REC-112,Performance Monitoring Insight using Predictive Analytics: A Step towards IMO’s GHG Emission Goals 2030,"Nithish Balaji J, Himanshu Uppal, Pritam Patel, B. Shameem",2022,Oceans,10.1109/OCEANSChennai45887.2022.9775128,Semantic Scholar,INCLUDE,pdfs_17apr/Performance_Monitoring_Insight_using_Predictive_Analytics_A_Step_towards_IMOs_GHG_Emission_Goals_2030.pdf
REC-136,EMERGENCY CONTROL SYSTEM BASED ON NEURAL NETWORKS AND FUZZY LOGIC,"S. Konovalov, G. A. Yegoshyna, S. M. Voronoy",2020,Proceedings of the O S Popov ОNAT,10.33243/2518-7139-2020-1-1-45-52,Semantic Scholar,INCLUDE,pdfs_15apr/1166-Текст статьи-2417-1-10-20210129.pdf
REC-138,Computational meta-heuristics based on Machine Learning to optimize fuel consumption of vessels using diesel engines,"Paulo Oliveira Siqueira Júnior, M. Nascimento, Ítalo Rodrigo Soares Silva, Ricardo Silva Parente, M. Junior, Jandecy Cabral Leite",2021,,10.31686/IJIER.VOL9.ISS5.3128,Semantic Scholar,INCLUDE,"pdfs_15apr/editor,+PB-3128.pdf"
REC-140,Explainable AI Models for IoT-Based Shaft Power Prediction and Comprehensive Performance Monitoring,"Sotiris Zikas, Katerina Gkirtzou, Ioannis Filippopoulos, Dimitris Kalatzis, T. Panagiotakopoulos, Zoran Lajic, Dimitris Papathanasiou, Yiannis Kiouvrekis",2025,Electronics,10.3390/electronics14132561,Semantic Scholar,INCLUDE,pdfs_15apr/electronics-14-02561.pdf
REC-146,Validating propulsion system optimization procedure for a carrier vessel,"Lobachev Mikhail, N. Vladimir, Polyakov Yury, Rudnichenko Alexey, Saifullin Timur, Taranov Andrey",2021,TRANSACTIONS OF THE KRYLOV STATE RESEARCH CENTRE,10.24937/2542-2324-2021-4-398-68-80,Semantic Scholar,INCLUDE,pdfs_15apr/Validating_propulsion_system_optimization_procedur.pdf
REC-147,A new validated open-source numerical tool for the evaluation of the performance of wind-assisted ship propulsion systems,"Moran Charlou, A. Babarit, L. Gentaz",2023,Mechanics &amp; Industry,10.1051/meca/2023026,Semantic Scholar,INCLUDE,pdfs/REC-147_A_new_validated_open-source_numerical_tool_for_the_evaluation_of_the_performance.pdf
REC-148,Li-Ion Battery Performance Degradation Modeling for the Optimal Design and Energy Management of Electrified Propulsion Systems,"L. Chen, Yu-Huei Tong, Z. Dong",2020,Energies,10.3390/en13071629,Semantic Scholar,INCLUDE,pdfs_15apr/energies-13-01629-v2.pdf
REC-153,Online Learning for Ship Propulsion Power Prediction: An Incremental Bayesian-Optimized LightGBM Framework,"Xu Liu, Yunfan Yang, Yu Guo, Jiawei Bao, Wenhui Yin, Antong Zhang, Qiang Sun",2025,2025 5th International Conference on Electronic Information Engineering and Computer Technology (EIECT),10.1109/EIECT68017.2025.11331776,Semantic Scholar,INCLUDE,pdfs_17apr/Online_Learning_for_Ship_Propulsion_Power_Prediction_An_Incremental_Bayesian-Optimized_LightGBM_Framework.pdf
REC-154,An Adaptive Prediction Framework of Ship Fuel Consumption for Dynamic Maritime Energy Management,"Ya Gao, Yanghui Tan, Dingyu Jiang, Peisheng Sang, Yunzhou Zhang, Jie Zhang",2025,Journal of Marine Science and Engineering,10.3390/jmse13030409,Semantic Scholar,INCLUDE,pdfs_final_69/P-036_An_Adaptive_Prediction_Framework_of_Ship_Fuel_Consumption_fo.pdf
REC-158,Identification of Vibration for Balancing in Fehn Pollux Ship with ECO Flettner Rotor,"C. Parmar, Elmar Wings, Farzaneh Nourmohammadi",2024,Journal of Energy Systems,10.30521/jes.1255518,Semantic Scholar,INCLUDE,pdfs_oa_auto/REC-158_Identification_of_Vibration_for_Balancing_in_Fehn_Pollux_Ship_with_ECO_Flettner.pdf
REC-164,Optimising technique in matching combined diesel engine or gas turbine (CODOG) propulsion system to hull and propeller of a frigate,"K. Bob-Manuel, B. O. Okim",2018,Proceedings of the International Naval Engineering Conference and Exhibition (INEC),10.24868/issn.2515-818x.2018.035,Semantic Scholar,INCLUDE,pdfs_oa_auto/REC-164_Optimising_technique_in_matching_combined_diesel_engine_or_gas_turbine_CODOG_pro.pdf
REC-214,Forecasting Transient Fuel Consumption Spikes in Ships: A Hybrid DGM-SVR Approach,"Junhao Chen, Yan Peng",2025,Engineer,10.3390/eng6070151,Semantic Scholar,INCLUDE,pdfs_15apr/eng-06-00151.pdf
REC-216,Strategy for ship energy efficiency based on optimization model and data-driven approach,"Çağlar Karatuğ, Mina Tadros, L. Ventura, C. Guedes Soares",2023,Ocean Engineering,10.1016/j.oceaneng.2023.114397,OpenAlex,INCLUDE,pdfs_15apr/1-s2.0-S0029801823007813-main-1.pdf
REC-217,Comparative study of machine learning techniques to predict fuel consumption of a marine diesel engine,"Onur Yüksel, Murat Bayraktar, Mustafa Sokukcu",2023,Ocean Engineering,10.1016/j.oceaneng.2023.115505,OpenAlex,UNCERTAIN,pdfs_17apr/1-s2.0-S0029801823018899-main.pdf
REC-219,Data fusion and machine learning for ship fuel efficiency modeling: Part III – Sensor data and meteorological data,"Yuquan Du, Yanyu Chen, Xiaohe Li, Alessandro Schönborn, Zhuo Sun",2022,Communications in Transportation Research,10.1016/j.commtr.2022.100072,OpenAlex,INCLUDE,pdfs_final_69/P-025_Data_fusion_and_machine_learning_for_ship_fuel_efficiency_mo.pdf
REC-220,A novel prediction method of fuel consumption for wing-diesel hybrid vessels based on feature construction,"Zhang Ruan, Lianzhong Huang, Kai Wang, Ranqi Ma, Zhongyi Wang, Rui Zhang, Haoyang Zhao, Cong Wang",2023,Energy,10.1016/j.energy.2023.129516,OpenAlex,UNCERTAIN,pdfs_final_69/P-031_A_novel_prediction_method_of_fuel_consumption_for_wing-diese.pdf
REC-221,Accuracy and applicability of ship's fuel consumption prediction models: A comprehensive comparative analysis,"Xi Luo, Ran Yan, Lang Xu, Shuaian Wang",2024,Energy,10.1016/j.energy.2024.133187,OpenAlex,UNCERTAIN,pdfs_new_13apr/2025_lohith_Ship_Fuel_Consumption_Prediction.pdf
REC-222,An application-oriented testing regime and multi-ship predictive modeling for vessel fuel consumption prediction,"Son Nguyen, Xiuju Fu, Daichi Ogawa, Zheng Qin",2023,Transportation Research Part E Logistics and Transportation Review,10.1016/j.tre.2023.103261,OpenAlex,INCLUDE,pdfs_final_69/P-047_An_application-oriented_testing_regime_and_multi-ship_predic.pdf
REC-223,A framework of a data-driven model for ship performance,"Alessandro La Ferlita, Yan Qi, Emanuel Di Nardo, Ould el Moctar, Thomas E. Schellin, Angelo Ciaramella",2024,Ocean Engineering,10.1016/j.oceaneng.2024.118486,OpenAlex,INCLUDE,pdfs_17apr/1-s2.0-S0029801824018249-main (1).pdf
REC-224,A novel grey box model for ship fuel consumption prediction adapted to complex navigating conditions,"Ailong Fan, Yifu Wang, Yang Liu, Zhiyong Yang, Zhihui Hu",2025,Energy,10.1016/j.energy.2025.134436,OpenAlex,UNCERTAIN,pdfs_final_69/P-021_A_novel_grey_box_model_for_ship_fuel_consumption_prediction.pdf
REC-225,A digital twin approach for maritime carbon intensity evaluation accounting for operational and environmental uncertainty,"Nikolaos Vasilikis, Rinze Geertsma, Andrea Coraddu",2023,Ocean Engineering,10.1016/j.oceaneng.2023.115927,OpenAlex,INCLUDE,pdfs_oa_auto/REC-225_A_digital_twin_approach_for_maritime_carbon_intensity_evaluation_accounting_for.pdf
REC-227,Achieving fuel efficiency of harbour craft vessel via combined time-series and classification machine learning model with operational data,"Januwar Hadi, Dimitrios Konovessis, Zhi Yung Tay",2022,Maritime Transport Research,10.1016/j.martra.2022.100073,OpenAlex,INCLUDE,pdfs/REC-227_Achieving_fuel_efficiency_of_harbour_craft_vessel_via_combined_time-series_and_c.pdf
REC-229,The sensitivity to metocean data on using data-driven methods for a Valemax vessel speed prediction,"Jun Wang, Wenjing Zhang, Yiyang Wang",2022,Ocean Engineering,10.1016/j.oceaneng.2022.111155,OpenAlex,UNCERTAIN,pdfs_final_69/P-014_Combined_machine_learning_and_physics-based_models_for_estim.pdf
REC-230,Data-driven state of health monitoring for maritime battery systems – a case study on sensor data from ships in operation,"Liang Qin, Erik Vanem, Yongjian Xue, Øystein Åsheim Alnes, Heke Zhang, James Lam, Katrine Bruvik",2023,Ships and Offshore Structures,10.1080/17445302.2023.2211241,OpenAlex,INCLUDE,pdfs_15apr/Data-driven state of health monitoring for maritime battery systems   a case study on sensor data from ships in operation.pdf
REC-231,Exploring Explainable Machine Learning for Enhanced Ship Performance Monitoring,"Ayah Barhrhouj, Bouchra Ananou, Mustapha Ouladsine",2025,Lecture notes in computer science,10.1007/978-3-031-82484-5_1,OpenAlex,UNCERTAIN,pdfs/REC-231_Exploring_Explainable_Machine_Learning_for_Enhanced_Ship_Performance_Monitoring.pdf
REC-234,Data-driven framework with theoretical modelling to evaluate fuel savings through air lubrication system,"Daehyuk Kim, Shin Hyung Rhee",2024,Ocean Engineering,10.1016/j.oceaneng.2024.119920,OpenAlex,UNCERTAIN,pdfs_17apr/1-s2.0-S002980182403258X-main.pdf
REC-235,A comprehensive review of data processing for ship performance analysis,"Young-Rong Kim, Prateek Gupta, Sverre Steen",2025,Applied Ocean Research,10.1016/j.apor.2025.104737,OpenAlex,INCLUDE,pdfs_final_69/P-034_A_comprehensive_review_of_data_processing_for_ship_performan.pdf
REC-236,Development of a two-stage ship fuel consumption prediction and reduction model for a dry bulk ship,"Ran Yan, Shuaian Wang, Yuquan Du",2020,Transportation Research Part E Logistics and Transportation Review,10.1016/j.tre.2020.101930,OpenAlex,UNCERTAIN,pdfs/REC-235_Development_of_a_two-stage_ship_fuel_consumption_prediction_and_reduction_model.pdf
REC-237,Prototype Design of a Ship Intelligent Integrated Platform,"Fuxin Wang, Hao Luo, Yusong Yuan, Liyong Ma",2020,Frontiers in artificial intelligence and applications,10.3233/faia200810,OpenAlex,INCLUDE,pdfs_15apr/FAIA-332-FAIA200810.pdf
REC-238,Data Analytics for Improving Energy Efficiency in Short Sea Shipping,"Mohamed Abuella, Hadi Fanaee, M. Amine Atou, Sławomir Nowaczyk, Simon Johansson, Ethan Faghani",2024,arXiv (Cornell University),10.48550/arxiv.2404.00902,OpenAlex,INCLUDE,pdfs/REC-237_Data_Analytics_for_Improving_Energy_Efficiency_in_Short_Sea_Shipping.pdf
REC-239,Retrofit modeling for green ships,"Julien J. M. Hermans, Austin A. Kana",2024,IMDC.,10.59490/imdc.2024.890,OpenAlex,INCLUDE,pdfs_oa_auto/REC-239_Retrofit_modeling_for_green_ships.pdf
REC-241,Time-series analysis approach for improving energy efficiency of fixed-route passenger vessel in short-sea shipping,"Mohamed Abuella, Hadi Fanaee‐T, Sławomir Nowaczyk, Simon Johansson, Ethan Faghani",2025,Ocean Engineering,10.1016/j.oceaneng.2025.121555,OpenAlex,INCLUDE,pdfs_17apr/Time-series-analysis-approach-for-improving-energy-efficiency_2025_Ocean-Eng.pdf
REC-245,Digital twin development for ship fuel consumption predictions using multiple model adaptive estimation with Eigensystem Realization Algorithm and Observer/Kalman Filter Identification,"Mahmood Taghavi, Lokukaluge P. Perera",2025,Ocean Engineering,10.1016/j.oceaneng.2025.123743,OpenAlex,INCLUDE,pdfs_final_69/P-040_Digital_twin_development_for_ship_fuel_consumption_predictio.pdf
REC-248,Data-driven ship digital twin for estimating the speed loss caused by the marine fouling,"Andrea Coraddu, Luca Oneto, Francesco Baldi, Francesca Cipollini, Mehmet Atlar, S. Savio",2019,Ocean Engineering,10.1016/j.oceaneng.2019.05.045,OpenAlex,UNCERTAIN,pdfs/REC-247_Data-driven_ship_digital_twin_for_estimating_the_speed_loss_caused_by_the_marine.pdf
REC-249,Artificial neural network based prediction of ship speed under operating conditions for operational optimization,"Ameen M. Bassam, Alexander B. Phillips, Stephen R. Turnock, Philip A. Wilson",2023,Ocean Engineering,10.1016/j.oceaneng.2023.114613,OpenAlex,UNCERTAIN,pdfs_manual/1-s2.0-S0029801823009976-main.pdf
REC-251,Physics-based shaft power prediction for large merchant ships using neural networks,"Amy Parkes, A.J. Sobey, Dominic A. Hudson",2018,Ocean Engineering,10.1016/j.oceaneng.2018.07.060,OpenAlex,UNCERTAIN,pdfs/REC-251_Physics-based_shaft_power_prediction_for_large_merchant_ships_using_neural_netwo.pdf
REC-254,Prediction of Fuel Consumption for Enroute Ship Based on Machine Learning,"Zhihui Hu, Jin Yong-xin, Qinyou Hu, Sukanta Sen, Tianrui Zhou, Mohd Tarmizi Osman",2019,IEEE Access,10.1109/access.2019.2933630,OpenAlex,INCLUDE,pdfs/REC-254_Prediction_of_Fuel_Consumption_for_Enroute_Ship_Based_on_Machine_Learning.pdf
REC-255,Using Artificial Neural Networks for Predicting Ship Fuel Consumption,"Van Giao Nguyen, Sakthivel Rajamohan, Krzysztof Rudzki, Janusz Kozak, Prabhakar Sharma, Nguyen Dang Khoa Pham, Phuoc Quy Phong Nguyen, Xuân Phương Nguyễn",2023,Polish Maritime Research,10.2478/pomr-2023-0020,OpenAlex,INCLUDE,pdfs/REC-256_Using_Artificial_Neural_Networks_for_Predicting_Ship_Fuel_Consumption.pdf
REC-259,A Novel Hybrid Fuel Consumption Prediction Model for Ocean-Going Container Ships Based on Sensor Data,"Zhihui Hu, Tianrui Zhou, Mohd Tarmizi Osman, Xiaohe Li, Jin Yong-xin, Zhen Rong",2021,Journal of Marine Science and Engineering,10.3390/jmse9040449,OpenAlex,INCLUDE,pdfs_final_69/P-055_A_Novel_Hybrid_Fuel_Consumption_Prediction_Model_for_Ocean-G.pdf
REC-261,Fuel Consumption Prediction Models Based on Machine Learning and Mathematical Methods,"Xianwei Xie, Baozhi Sun, Xiaohe Li, Tobias Olsson, Neda Maleki, Fredrik Ahlgren",2023,Journal of Marine Science and Engineering,10.3390/jmse11040738,OpenAlex,INCLUDE,pdfs/REC-261_Fuel_Consumption_Prediction_Models_Based_on_Machine_Learning_and_Mathematical_Me.pdf
REC-262,Numerical methods for monitoring and evaluating the biofouling state and effects on vessels’ hull and propeller performance: A review,"Iliya Valchev, Andrea Coraddu, Miltiadis Kalikatzarakis, Rinze Geertsma, Luca Oneto",2022,Ocean Engineering,10.1016/j.oceaneng.2022.110883,OpenAlex,INCLUDE,pdfs/REC-262_Numerical_methods_for_monitoring_and_evaluating_the_biofouling_state_and_effects.pdf
REC-265,Big Data Analytics and Machine Learning of Harbour Craft Vessels to Achieve Fuel Efficiency: A Review,"Zhi Yung Tay, Januwar Hadi, Favian Chow, De Jin Loh, Dimitrios Konovessis",2021,Journal of Marine Science and Engineering,10.3390/jmse9121351,OpenAlex,INCLUDE,pdfs_final_69/P-051_Big_Data_Analytics_and_Machine_Learning_of_Harbour_Craft_Ves.pdf
REC-267,A novel method for joint optimization of the sailing route and speed considering multiple environmental factors for more energy efficient shipping,"Kai Wang, Jiayuan Li, Lianzhong Huang, Ranqi Ma, Xiaoli Jiang, Yupeng Yuan, Ngome A. Mwero, Rudy R. Negenborn, Peiting Sun, Xinping Yan",2020,Ocean Engineering,10.1016/j.oceaneng.2020.107591,OpenAlex,UNCERTAIN,pdfs_17apr/1-s2.0-S0029801820305965-main.pdf
REC-268,Condition-Based Maintenance of Naval Propulsion Systems with supervised Data Analysis,"Francesca Cipollini, Luca Oneto, Andrea Coraddu, Alan J. Murphy, Davide Anguita",2017,Ocean Engineering,10.1016/j.oceaneng.2017.12.002,OpenAlex,UNCERTAIN,pdfs/REC-268_Condition-Based_Maintenance_of_Naval_Propulsion_Systems_with_supervised_Data_Ana.pdf
REC-273,Predicting ship machinery system condition through analytical reliability tools and artificial neural networks,"Iraklis Lazakis, Yiannis Raptodimos, Takis J. Varelas",2017,Ocean Engineering,10.1016/j.oceaneng.2017.11.017,OpenAlex,UNCERTAIN,pdfs_oa_auto/REC-273_Predicting_ship_machinery_system_condition_through_analytical_reliability_tools.pdf
REC-275,A Machine-Learning-Based Method for Ship Propulsion Power Prediction in Ice,"Li Zhou, Qianyang Sun, Shifeng Ding, Sen Han, Aimin Wang",2023,Journal of Marine Science and Engineering,10.3390/jmse11071381,OpenAlex,INCLUDE,pdfs_15apr/jmse-11-01381.pdf
REC-277,Cost-effective reinforcement learning energy management for plug-in hybrid fuel cell and battery ships,"Peng Wu, Julius Partridge, Richard Bucknall",2020,Applied Energy,10.1016/j.apenergy.2020.115258,OpenAlex,UNCERTAIN,pdfs_15apr/Reinforcement_Learning-Based_Energy_Management_for.pdf
REC-287,Towards Data-Driven Models in the Prediction of Ship Performance (Speed—Power) in Actual Seas: A Comparative Study between Modern Approaches,"Kiriakos Alexiou, Efthimios G. Pariotis, Helen C. Leligou, Theodoros C. Zannis",2022,Energies,10.3390/en15166094,OpenAlex,INCLUDE,pdfs_final_69/P-008_Towards_Data-Driven_Models_in_the_Prediction_of_Ship_Perform.pdf
REC-288,Evaluation of Different Deep-Learning Models for the Prediction of a Ship’s Propulsion Power,"P. Theodoropoulos, Christos Spandonidis, Nikos Themelis, Christos Giordamlis, Spilios D. Fassois",2021,Journal of Marine Science and Engineering,10.3390/jmse9020116,OpenAlex,INCLUDE,pdfs_15apr/jmse-09-00116-v2.pdf
REC-290,A novel dynamical collaborative optimization method of ship energy consumption based on a spatial and temporal distribution analysis of voyage data,"Kai Wang, Hao Xu, Jiayuan Li, Lianzhong Huang, Ranqi Ma, Xiaoli Jiang, Yupeng Yuan, Ngome A. Mwero, Peiting Sun, Rudy R. Negenborn, Xinping Yan",2021,Applied Ocean Research,10.1016/j.apor.2021.102657,OpenAlex,UNCERTAIN,pdfs_17apr/1-s2.0-S0141118721001346-main.pdf
REC-293,Predicting ship fuel consumption based on LASSO regression,"Shengzheng Wang, Baoxian Ji, Jiansen Zhao, Wei Liu, Tie Xu",2017,Transportation Research Part D Transport and Environment,10.1016/j.trd.2017.09.014,OpenAlex,UNCERTAIN,pdfs_final_69/P-007_Predicting_ship_fuel_consumption_based_on_LASSO_regression.pdf
REC-296,A novel dual-stage grey-box stacking method for significantly improving the extrapolation performance of ship fuel consumption prediction models,"Zhang Ruan, Lianzhong Huang, Daize Li, Ranqi Ma, Kai Wang, Rui Zhang, Haoyang Zhao, Jian‐Yi Wu, Xiaowu Li",2025,Energy,10.1016/j.energy.2025.134927,OpenAlex,INCLUDE,pdfs_final_69/P-020_A_novel_dual-stage_grey-box_stacking_method_for_significantl.pdf
REC-297,The Temperature Forecast of Ship Propulsion Devices from Sensor Data,"Taoying Li, Miao Hua, Qian Yin",2019,Information,10.3390/info10100316,OpenAlex,INCLUDE,pdfs_15apr/information-10-00316.pdf
REC-298,Intelligent Sea States Identification Based on Maximum Likelihood Evidential Reasoning Rule,"Xuelin Zhang, Xiaojian Xu, Xiaobin Xu, Diju Gao, Haibo Gao, Guodong Wang, Radu Grosu",2020,Entropy,10.3390/e22070770,OpenAlex,INCLUDE,pdfs_15apr/entropy-22-00770-v2.pdf
REC-311,A novelty detection approach to diagnosing hull and propeller fouling,"Andrea Coraddu, Serena Lim, Luca Oneto, Kayvan Pazouki, Rosemary Norman, Alan J. Murphy",2019,Ocean Engineering,10.1016/j.oceaneng.2019.01.054,OpenAlex,UNCERTAIN,pdfs/REC-311_A_novelty_detection_approach_to_diagnosing_hull_and_propeller_fouling.pdf
REC-313,Predicting the cavitating marine propeller noise at design stage: A deep learning based approach,"Leonardo Miglianti, Francesca Cipollini, Luca Oneto, Giorgio Tani, Stefano Gaggero, Andrea Coraddu, Michele Viviani",2020,Ocean Engineering,10.1016/j.oceaneng.2020.107481,OpenAlex,UNCERTAIN,pdfs_oa_auto/REC-313_Predicting_the_cavitating_marine_propeller_noise_at_design_stage_A_deep_learning.pdf
REC-322,Risk-Based Maintenance Scheduling with application to naval vessels and ships,"Jane Cullum, Jonathan Binns, Michaël Lonsdale, Rouzbeh Abbassi, Vikram Garaniya",2017,Ocean Engineering,10.1016/j.oceaneng.2017.11.044,OpenAlex,UNCERTAIN,pdfs_17apr/1-s2.0-S0029801817307138-main.pdf
REC-327,Solid oxide fuel cells for shipping: A machine learning model for early detection of hazardous system deviations,"Tomaso Vairo, Davide Cademartori, Davide Clematis, Maria Paola Carpanese, Bruno Fabiano",2023,Process Safety and Environmental Protection,10.1016/j.psep.2023.02.022,OpenAlex,INCLUDE,pdfs_oa_auto/REC-327_Solid_oxide_fuel_cells_for_shipping_A_machine_learning_model_for_early_detection.pdf
REC-330,Speed Optimization of Container Ship Considering Route Segmentation and Weather Data Loading: Turning Point-Time Segmentation Method,"Xiaohe Li, Baozhi Sun, Jianhai Jin, Jun Ding",2022,Journal of Marine Science and Engineering,10.3390/jmse10121835,OpenAlex,INCLUDE,pdfs_15apr/jmse-10-01835-v2.pdf
REC-332,"Physical, data-driven and hybrid approaches to model engine exhaust gas temperatures in operational conditions","Andrea Coraddu, Luca Oneto, Francesca Cipollini, Miltos Kalikatzarakis, Gert-Jan Meijn, Rinze Geertsma",2021,Ships and Offshore Structures,10.1080/17445302.2021.1920095,OpenAlex,INCLUDE,pdfs_15apr/Physical  data-driven and hybrid approaches to model engine exhaust gas temperatures in operational conditions.pdf
REC-338,Modeling of Ship Fuel Consumption Based on Multisource and Heterogeneous Data: Case Study of Passenger Ship,"Yongjie Zhu, Yi Zuo, Tieshan Li",2021,Journal of Marine Science and Engineering,10.3390/jmse9030273,OpenAlex,INCLUDE,pdfs_15apr/jmse-09-00273-v2.pdf
REC-346,Integrated machine learning and probabilistic degradation approach for vessel electric motor prognostics,"Jose Ignacio Aizpurua, Knut Erik Knutsen, Markus Heimdal, Erik Vanem",2023,Ocean Engineering,10.1016/j.oceaneng.2023.114153,OpenAlex,INCLUDE,pdfs/REC-345_Integrated_machine_learning_and_probabilistic_degradation_approach_for_vessel_el.pdf
REC-359,Physics-informed machine learning models for ship speed prediction,"Xiao Lang, Da Wu, Wengang Mao",2023,Expert Systems with Applications,10.1016/j.eswa.2023.121877,OpenAlex,UNCERTAIN,pdfs_final_69/P-013_Physics-informed_machine_learning_models_for_ship_speed_pred.pdf
REC-360,Combined machine learning and physics-based models for estimating fuel consumption of cargo ships,"Bingjie Guo, Liang Qin, Hans Anton Tvete, Hendrik Brinks, Erik Vanem",2022,Ocean Engineering,10.1016/j.oceaneng.2022.111435,OpenAlex,UNCERTAIN,pdfs_final_69/P-027_The_sensitivity_to_metocean_data_on_using_data-driven_method.pdf
REC-361,Innovative approaches to addressing the tradeoff between interpretability and accuracy in ship fuel consumption prediction,"Haoqing Wang, Ran Yan, Shuaian Wang, Lu Zhen",2023,Transportation Research Part C Emerging Technologies,10.1016/j.trc.2023.104361,OpenAlex,UNCERTAIN,pdfs_final_69/P-012_Innovative_approaches_to_addressing_the_tradeoff_between_int.pdf
REC-362,"Prediction of vessel propulsion power using machine learning on AIS data, ship performance measurements and weather data","Q Liang, Hans Anton Tvete, Hendrik Brinks",2019,Journal of Physics Conference Series,10.1088/1742-6596/1357/1/012038,OpenAlex,INCLUDE,pdfs_15apr/Liang_2019_J._Phys.__Conf._Ser._1357_012038.pdf
REC-363,Bayesian and machine learning-based fault detection and diagnostics for marine applications,"Michail Cheliotis, Iraklis Lazakis, Angelos Cheliotis",2022,Ships and Offshore Structures,10.1080/17445302.2021.2012015,OpenAlex,INCLUDE,pdfs/REC-363_Bayesian_and_machine_learning-based_fault_detection_and_diagnostics_for_marine_a.pdf
REC-364,A sequential random forest for short-term vessel speed prediction,"Jun Wang, Yuhan Guo, Yiyang Wang",2022,Ocean Engineering,10.1016/j.oceaneng.2022.110691,OpenAlex,UNCERTAIN,pdfs_17apr/A-sequential-random-forest-for-short-term-vessel-speed-p_2022_Ocean-Engineer.pdf
REC-366,A grey-box deep learning modelling strategy for fuel oil consumption prediction: A case study of tuna purse seiner,"Yi Zhou, Kayvan Pazouki, Rosemary Norman",2025,Ocean Engineering,10.1016/j.oceaneng.2025.120733,OpenAlex,INCLUDE,pdfs_final_69/P-022_A_grey-box_deep_learning_modelling_strategy_for_fuel_oil_con.pdf
REC-367,Evaluating vessel technical performance index using physics-based and data-driven approach,"Bingjie Guo, Prateek Gupta, Sverre Steen, Hans Anton Tvete",2023,Ocean Engineering,10.1016/j.oceaneng.2023.115402,OpenAlex,INCLUDE,pdfs_15apr/1-s2.0-S0029801823017869-main.pdf
REC-369,Physics informed neural networks for vessel main engine power prediction,"Orfeas Bourchas, George Papalambrou",2025,Ocean Engineering,10.1016/j.oceaneng.2025.121344,OpenAlex,UNCERTAIN,pdfs_17apr/1-s2.0-S0029801825010571-main.pdf
REC-370,Predicting vessel speed in the Arctic without knowing ice conditions using AIS data and decision trees,"Prithvi S Rao, Ekaterina Kim, Bjørnar Brende Smestad, Bjørn Egil Asbjørnslett, Anirban Bhattacharyya",2021,Maritime Transport Research,10.1016/j.martra.2021.100024,OpenAlex,INCLUDE,pdfs_15apr/1-s2.0-S2666822X21000162-main.pdf
REC-371,Benchmark Study of Supervised Machine Learning Methods for a Ship Speed-Power Prediction at Sea,"Xiao Lang, Da Wu, Wengang Mao",2021,,10.1115/omae2021-62395,OpenAlex,INCLUDE,pdfs_final_69/P-009_Benchmark_Study_of_Supervised_Machine_Learning_Methods_for_a.pdf
REC-372,An integrated physical-based and parameter learning method for ship energy prediction under varying operating conditions,"Xingjian Lai, Xiaoning Jin, Xi Gu",2017,2017 13th IEEE Conference on Automation Science and Engineering (CASE),10.1109/COASE.2017.8256263,IEEE Xplore,INCLUDE,pdfs_final_69/P-017_An_integrated_physical-based_and_parameter_learning_method_f.pdf
REC-373,Physics-informed DEEPLSTM for digital twin modeling of steam turbine full-operating condition,"Ang Li, Fengjiao Guan, Haifeng Hu, Zhongcheng Liu, Bohao Xiao, Wenkang Huang, Yongmin Yang",2025,Applied Thermal Engineering,10.1016/j.applthermaleng.2025.127439,OpenAlex,UNCERTAIN,pdfs_17apr/1-s2.0-S1359431125020319-main.pdf
REC-389,An Arctic ship performance model for sea routes in ice-infested waters,"Christopher Ryan, Luofeng Huang, Zhiyuan Li, Jonas W. Ringsberg, Giles Thomas",2021,Applied Ocean Research,10.1016/j.apor.2021.102950,OpenAlex,UNCERTAIN,pdfs/REC-387_An_Arctic_ship_performance_model_for_sea_routes_in_ice-infested_waters.pdf
REC-396,A comparison of two ship performance models against full-scale measurements on a cargo ship on the Northern Sea Route,"Zhiyuan Li, Christopher Ryan, Luofeng Huang, Li Ding, Jonas W. Ringsberg, Giles Thomas",2021,Ships and Offshore Structures,10.1080/17445302.2021.1926146,OpenAlex,INCLUDE,pdfs_15apr/A comparison of two ship performance models against full-scale measurements on a cargo ship on the Northern Sea Route.pdf
REC-399,Adaptive model predictive control with propulsion load estimation and prediction for all-electric ship energy management,"Jun Hou, Jing Sun, Heath Hofmann",2018,Energy,10.1016/j.energy.2018.03.019,OpenAlex,UNCERTAIN,pdfs_final_69/P-041_Adaptive_model_predictive_control_with_propulsion_load_estim.pdf
REC-401,An efficient Meta-VSW method for ship behaviors recognition and application,"Zhiyuan Cai, Qidong Fan, Lecheng Li, Long Yu, Congbo Li",2024,Ocean Engineering,10.1016/j.oceaneng.2024.118870,OpenAlex,UNCERTAIN,pdfs_17apr/1-s2.0-S002980182402208X-main.pdf
REC-402,Real-time prediction of ship motion based on improved empirical mode composition and dynamic residual neural network,"Nan Gao, Zhenju Chuang, Ankang Hu",2023,Ocean Engineering,10.1016/j.oceaneng.2023.116528,OpenAlex,UNCERTAIN,pdfs_17apr/1-s2.0-S0029801823029128-main.pdf
REC-413,Real time prediction of ship motion based on iTransformer with EWT-SampEn data processing,"Lixun Hou, Q. Jane Wang, Dong E. Liu",2025,Ocean Engineering,10.1016/j.oceaneng.2025.122987,OpenAlex,UNCERTAIN,pdfs_17apr/1-s2.0-S0029801825026708-main.pdf
REC-431,Two-phase energy efficiency optimisation for ships using parallel hybrid electric propulsion system,"Yapeng He, Ailong Fan, Zheng Wang, Yuanchang Liu, Wengang Mao",2021,Ocean Engineering,10.1016/j.oceaneng.2021.109733,OpenAlex,UNCERTAIN,pdfs/REC-431_Two-phase_energy_efficiency_optimisation_for_ships_using_parallel_hybrid_electri.pdf
REC-437,Algorithmic fairness in artificial intelligence for medicine and healthcare,"Richard J. Chen, Judy J. Wang, Drew F. K. Williamson, Tiffany Chen, Jana Lipková, Ming Y. Lu, Sharifa Sahai, Faisal Mahmood",2023,Nature Biomedical Engineering,10.1038/s41551-023-01056-8,OpenAlex,UNCERTAIN,pdfs_15apr/nihms-1940941.pdf
REC-478,Spatiotemporal data mining: a survey on challenges and open problems,"Ali Hamdi, Khaled Shaban, Abdelkarim Erradi, Amr Mohamed, Shakila Khan Rumi, Flora D. Salim",2022,RMIT Research Repository (RMIT University Library),10.1007/s10462-021-09994-y,OpenAlex,UNCERTAIN,pdfs_15apr/2103.17128v1.pdf
REC-479,A fuel consumption prediction model for wind-assisted ship based on operational data,Li Z.,2025,Transportation Research Part D Transport and Environment,10.1016/j.trd.2025.105045,Scopus,UNCERTAIN,pdfs_new_13apr/2025_lohith_Ship_Fuel_Consumption_Prediction.pdf
REC-482,Comprehensive evaluation of machine learning models for predicting ship energy consumption based on onboard sensor data,Fan A.,2024,Ocean and Coastal Management,10.1016/j.ocecoaman.2023.106946,Scopus,UNCERTAIN,pdfs_final_69/P-049_Comprehensive_evaluation_of_machine_learning_models_for_pred.pdf
REC-483,Prediction of ships’ speed-power relationship at speed intervals below the design speed,Berthelsen F.H.,2021,Transportation Research Part D Transport and Environment,10.1016/j.trd.2021.102996,Scopus,UNCERTAIN,pdfs_17apr/1-s2.0-S1361920921002947-main.pdf
REC-484,Developing correction factors for weather's influence on the energy efficiency indicators of container ships using model-based machine learning,Godet A.,2024,Ocean and Coastal Management,10.1016/j.ocecoaman.2024.107390,Scopus,UNCERTAIN,pdfs_17apr/1-s2.0-S0964569124003752-main (1).pdf
REC-485,Self-labelling of tugboat operation using unsupervised machine learning and intensity indicator,Hadi J.,2023,Maritime Transport Research,10.1016/j.martra.2023.100082,Scopus,UNCERTAIN,pdfs/REC-485_Self-labelling_of_tugboat_operation_using_unsupervised_machine_learning_and_inte.pdf
REC-486,A Novel Approach to Enhancing the Accuracy of Prediction in Ship Fuel Consumption,Zhou T.,2024,Journal of Marine Science and Engineering,10.3390/jmse12111954,Scopus,INCLUDE,pdfs_15apr/jmse-12-01954.pdf
REC-487,Parametric machine learning integrated approach for assessing environmental and engine variables on fuel consumption and carbon intensity,Yuksel O.,2025,Journal of Marine Engineering and Technology,10.1080/20464177.2025.2499346,Scopus,UNCERTAIN,pdfs_17apr/Parametric machine learning integrated approach for assessing environmental and engine variables on fuel consumption and carbon intensity.pdf
REC-489,Predictive analysis of engine power limitations for fuel reduction in a tanker ship using a rule-based machine learning technique,Ersoy A.E.,2025,Journal of Cleaner Production,10.1016/j.jclepro.2025.145535,Scopus,UNCERTAIN,pdfs_17apr/1-s2.0-S0959652625008856-main.pdf
REC-492,Data-driven approach to evaluate the impact of hull roughness on main engine load of river-sea ships,Duan K.,2024,Ocean Engineering,10.1016/j.oceaneng.2024.119239,Scopus,UNCERTAIN,pdfs_17apr/1-s2.0-S0029801824025770-main.pdf
REC-494,Predicting and Optimising Ship Fuel Consumption Using Data-Driven Models and a Proposed IGWO Algorithm for Speed Adjustment,Azemati N.,2025,Polish Maritime Research,10.2478/pomr-2025-0049,Scopus,INCLUDE,pdfs_17apr/Predicting_and_Optimising_Ship_Fuel_Consumption_Using_Data-Driven_Models_and_a_Proposed_IGWO_Algorit.pdf
REC-495,Predicting VLCC fuel consumption with machine learning using operationally available sensor data,Papandreou C.,2022,Ocean Engineering,10.1016/j.oceaneng.2021.110321,Scopus,UNCERTAIN,pdfs_final_69/P-057_Predicting_VLCC_fuel_consumption_with_machine_learning_using.pdf
REC-499,Ship efficiency forecast based on sensors data collection: Improving numerical models through data analytics,Coraddu A.,2015,Mts IEEE Oceans 2015 Genova Discovering Sustainable Ocean Energy for A New World,10.1109/OCEANS-Genova.2015.7271412,Scopus,UNCERTAIN,pdfs_final_69/P-023_Ship_efficiency_forecast_based_on_sensors_data_collection_I.pdf
REC-500,Research on Carbon Intensity Prediction Method for Ships Based on Sensors and Meteorological Data,Zhang C.,2023,Journal of Marine Science and Engineering,10.3390/jmse11122249,Scopus,INCLUDE,pdfs_15apr/jmse-11-02249.pdf
REC-501,Application of a white shark jointly optimized hybrid Gaussian process regression–Physics model for speed prediction of the airfoil sail VLCC,Liu Z.,2025,Ocean Engineering,10.1016/j.oceaneng.2025.122788,Scopus,UNCERTAIN,pdfs_17apr/1-s2.0-S0029801825024710-main.pdf
REC-502,A novel method of fuel consumption prediction for wing-diesel hybrid ships based on high-dimensional feature selection and improved blending ensemble learning method,Lan T.,2024,Ocean Engineering,10.1016/j.oceaneng.2024.118156,Scopus,UNCERTAIN,pdfs_final_69/P-033_A_novel_method_of_fuel_consumption_prediction_for_wing-diese.pdf
REC-503,Expanding the range of ship fuel consumption prediction: A multi-algorithm feature selection approach,Piao S.,2025,Ocean Engineering,10.1016/j.oceaneng.2024.119944,Scopus,UNCERTAIN,pdfs_final_69/P-032_Expanding_the_range_of_ship_fuel_consumption_prediction_A_m.pdf
REC-504,An ensemble learning model for ship fuel consumption prediction,Li J.,2024,Proceedings of SPIE the International Society for Optical Engineering,10.1117/12.3031143,Scopus,UNCERTAIN,pdfs_new_13apr/2025_lohith_Ship_Fuel_Consumption_Prediction.pdf
REC-505,Capturing the effect of biofouling on ships by incremental machine learning,Mittendorf M.,2023,Applied Ocean Research,10.1016/j.apor.2023.103619,Scopus,UNCERTAIN,pdfs_final_69/P-037_Capturing_the_effect_of_biofouling_on_ships_by_incremental_m.pdf
REC-506,A machine-learning based prediction of wake distribution for feeder-class container ships with flow control fins,Lee M.K.,2025,Ocean Engineering,10.1016/j.oceaneng.2025.122372,Scopus,UNCERTAIN,pdfs_17apr/1-s2.0-S0029801825020566-main.pdf
REC-507,Assessment of Hull and Propeller Performance Degradation Based on TSO-GA-LSTM,Huang G.,2024,Journal of Marine Science and Engineering,10.3390/jmse12081263,Scopus,INCLUDE,pdfs_15apr/jmse-12-01263-v2.pdf
REC-511,A Hybrid Approach Integrating Physics-Based Models and Expert-Augmented Neural Networks for Ship Fuel Consumption Prediction,Liang Q.,2025,Journal of Offshore Mechanics and Arctic Engineering,10.1115/1.4066945,Scopus,INCLUDE,pdfs_new_13apr/2025_lohith_Ship_Fuel_Consumption_Prediction.pdf
REC-515,A review of ship fuel consumption models,Fan A.,2022,Ocean Engineering,10.1016/j.oceaneng.2022.112405,Scopus,UNCERTAIN,pdfs_final_69/P-010_A_review_of_ship_fuel_consumption_models.pdf
REC-520,Research on Optimizing the Fuel Consumption Model of LNG-powered Ships by Machine Learning,"Fenglei Sun, Yonggang Zong, Lei Zhang, Fan Zhang",2025,"2025 International Conference on Computers, Information Processing and Advanced Education (CIPAE)",10.1109/CIPAE66821.2025.00163,IEEE Xplore,INCLUDE,pdfs_17apr/Research_on_Optimizing_the_Fuel_Consumption_Model_of_LNG-powered_Ships_by_Machine_Learning.pdf
REC-521,Adaptive Learning of Inland Ship Power Propulsion under Environmental Disturbances,Dann N.,2022,IFAC Papersonline,10.1016/j.ifacol.2022.10.400,Scopus,UNCERTAIN,pdfs_final_69/P-038_Adaptive_Learning_of_Inland_Ship_Power_Propulsion_under_Envi.pdf
REC-522,Fault Detection in Electrical Propulsion Motors in the Presence of Concept Drift,"Martin Tveten, Morten Stakkeland",2025,2025 IEEE International Conference on Environment and Electrical Engineering and 2025 IEEE Industrial and Commercial Power Systems Europe (EEEIC / I&CPS Europe),10.1109/EEEIC/ICPSEurope64998.2025.11169259,IEEE Xplore,INCLUDE,pdfs_final_69/P-039_Fault_Detection_in_Electrical_Propulsion_Motors_in_the_Prese.pdf
REC-525,Design and Experimental Testing of a Free-Running Ship Motion Control Platform,Zheng J.,2017,IEEE Access,10.1109/ACCESS.2017.2778180,Scopus,UNCERTAIN,pdfs_17apr/Design_and_Experimental_Testing_of_a_Free-Running_Ship_Motion_Control_Platform.pdf
REC-528,Intelligent prediction algorithm of ship roll and pitch motion based on SSA- optimized BiLSTM network,Yuan P.,2025,Ocean Engineering,10.1016/j.oceaneng.2025.120331,Scopus,UNCERTAIN,pdfs_17apr/Intelligent-prediction-algorithm-of-ship-roll-and-pitch-moti_2025_Ocean-Engi.pdf
REC-536,A Digital Twin of the Research Vessel Gunnerus for Lifecycle Services: Outlining Key Technologies,"Houxiang Zhang, Guoyuan Li, Lars Ivar Hatledal, Yingguang Chu, André Ellefsen, Peihua Han, Pierre Major, Robert Skulstad, Tongtong Wang, Hans Petter Hildre",2023,IEEE Robotics & Automation Magazine,10.1109/MRA.2022.3217745,IEEE Xplore,INCLUDE,pdfs_17apr/A_Digital_Twin_of_the_Research_Vessel_Gunnerus_for_Lifecycle_Services_Outlining_Key_Technologies.pdf
REC-538,An Expected Utility-Based Optimization of Slow Steaming in Sulphur Emission Control Areas by Applying Big Data Analytics,"Yuzhe Zhao, Jingmiao Zhou, Yujun Fan, Haibo Kuang",2020,IEEE Access,10.1109/ACCESS.2019.2962210,IEEE Xplore,INCLUDE,pdfs_oa_auto/REC-538_An_Expected_Utility_Based_Optimization_of_Slow_Steaming_in_Sulphur_Emission_Cont.pdf
REC-539,ML based Prediction of the Decay Coefficient of a Naval Propulsion System’s Turbine,"Dishita Sood, Nonita Sharma, Manoj Soni, Manik Rakhra",2024,"2024 International Conference on Augmented Reality, Intelligent Systems, and Industrial Automation (ARIIA)",10.1109/ARIIA63345.2024.11051795,IEEE Xplore,INCLUDE,pdfs_17apr/ML_based_Prediction_of_the_Decay_Coefficient_of_a_Naval_Propulsion_Systems_Turbine.pdf
REC-541,ML Algorithms in Ship Performance Modelling,"Wojciech Górski, Liliana Jarmakowska, Jan Tlałka, Aleksandra Hein, Dominik Leśniak",2025,IEEE EUROCON 2025 - 21st International Conference on Smart Technologies,10.1109/EUROCON64445.2025.11073376,IEEE Xplore,INCLUDE,pdfs_17apr/ML_Algorithms_in_Ship_Performance_Modelling.pdf
REC-542,Toward Energy-Efficient Navigation: A Data-Driven Approach for Flowmeterless Estimation of Ship's Engine Fuel Consumption in Real-Time,"Vincent St-Pierre, Maxime Berger, Tomy Pineau, Charles Massicotte",2024,OCEANS 2024 - Halifax,10.1109/OCEANS55160.2024.10754095,IEEE Xplore,INCLUDE,pdfs_17apr/Toward_Energy-Efficient_Navigation_A_Data-Driven_Approach_for_Flowmeterless_Estimation_of_Ships_Engine_Fuel_Consumption_in_Real-Time.pdf
REC-544,"A Case Study in Scalable, Low-Cost Deployment of a Digital Ecosystem for Engineering Complex Systems","David C. Gross, R. Byron Beddingfield, Anthony Popovski, Patrick Lewis",2025,2025 IEEE Electric Ship Technologies Symposium (ESTS),10.1109/ESTS62818.2025.11152472,IEEE Xplore,INCLUDE,pdfs_17apr/A_Case_Study_in_Scalable_Low-Cost_Deployment_of_a_Digital_Ecosystem_for_Engineering_Complex_Systems.pdf
REC-547,Reinforcement Learning-Based Energy Management in Marine Electric Propulsion Systems,"Mirjan Heubaum, Daniel Görges",2025,2025 IEEE Vehicle Power and Propulsion Conference (VPPC),10.1109/VPPC66000.2025.11392951,IEEE Xplore,INCLUDE,pdfs_15apr/Reinforcement_Learning-Based_Energy_Management_for.pdf
REC-558,Physics-Guided Neural Network-Based Shaft Power Prediction for Vessels,"Dogan Altan, Hamza Haruna Mohammed, Glenn Terje Lines, Dusica Marijan, Arnbjørn Maressa",2025,2025 IEEE International Conference on Big Data (BigData),10.1109/BigData66926.2025.11400769,IEEE Xplore,INCLUDE,pdfs/REC-606_Physics-guided_Neural_Network-based_Shaft_Power_Prediction_for_Vessels.pdf
REC-559,"Ship Engine In-Service Performance Management, Using a State-of-Art Model- Based Assessment Methodology",P. Theodossopoulos,2016,,,Semantic Scholar,UNCERTAIN,pdfs_oa_auto/REC-559_Ship_Engine_In_Service_Performance_Management_Using_a_State_of_Art_Model_Based_A.pdf
REC-585,Auto machine learning for predicting ship fuel consumption,Ahlgren F.,2018,ECOS 2018 Proceedings of the 31st International Conference on Efficiency Cost Optimization Simulation and Environmental Impact of Energy Systems,,Scopus,UNCERTAIN,pdfs_final_69/P-064_Interpretable_Machine_Learning_A_Case_Study_on_Predicting_F.pdf
REC-591,"15th International Conference on Vibration Problems, ICoVP 2023",,2024,Lecture Notes in Mechanical Engineering,,Scopus,UNCERTAIN,pdfs_oa_auto/REC-591_15th_International_Conference_on_Vibration_Problems_ICoVP_2023.pdf
REC-592,"33rd Canadian Conference on Artificial Intelligence, Canadian AI 2020",,2020,Lecture Notes in Computer Science Including Subseries Lecture Notes in Artificial Intelligence and Lecture Notes in Bioinformatics,,Scopus,UNCERTAIN,pdfs_oa_auto/REC-592_33rd_Canadian_Conference_on_Artificial_Intelligence_Canadian_AI_2020.pdf
